city,land area,land,INTPTLAT,INTPTLONG
Abbott,0.592,1532748,31.885139,-97.074106
Abernathy,3.202,8294232,33.826811,-101.85205
Abilene,106.669,276270544,32.454514,-99.738147
Abram,3.065,7938808,26.211634,-98.41185
Acala,2.842,7359831,31.334406,-105.902786
Ackerly,0.311,805187,32.525063,-101.715847
Addison,4.353,11273468,32.963744,-96.833805
Adrian,0.47,1217792,35.274119,-102.667247
Agua Dulce,7.797,20194254,31.654853,-106.136903
Agua Dulce,0.341,883360,27.78273,-97.90985
Aguilares,0.3,777052,27.451627,-99.093233
Airport Heights,0.04,102481,26.408735,-98.836695
Airport Road Addition,2.114,5475252,27.218988,-98.098093
Alamo,7.653,19820927,26.180987,-98.11753
Alamo Beach,0.757,1959377,28.572277,-96.564179
Alamo Heights,1.841,4767672,29.482803,-98.468191
Alanreed,0.46,1191506,35.211987,-100.732629
Alba,1.053,2726709,32.786667,-95.632463
Albany,1.567,4057325,32.727266,-99.295664
Aldine,7.872,20387643,29.913438,-95.377431
Aledo,2.87,7434167,32.698254,-97.608384
Alfred,1.237,3203175,27.874076,-97.979863
Alice,11.992,31060212,27.755616,-98.065812
Alice Acres,5.895,15267641,27.711892,-98.107973
Allen,26.402,68380729,33.109736,-96.673032
Allison,2.037,5276664,35.61198,-100.111539
Alma,5.478,14188131,32.276227,-96.543181
Alpine,4.827,12500810,30.363905,-103.664456
Alto,1.705,4415458,31.650982,-95.070785
Alto Bonito Heights,0.051,133278,26.315777,-98.641329
Alton,7.597,19676297,26.288775,-98.310581
Alvarado,6.774,17544861,32.409379,-97.210786
Alvin,22.908,59330906,29.424772,-95.224432
Alvord,1.523,3944172,33.356968,-97.696026
Amada Acres,0.072,187160,26.343268,-98.739267
Amargosa,1.336,3459515,27.892949,-98.108861
Amarillo,103.618,268368503,35.198064,-101.833107
Amaya,0.229,594086,28.713886,-99.835838
Ames,3.303,8554451,30.045078,-94.737316
Amherst,0.915,2368726,34.011982,-102.414776
Amistad,1.51,3912009,29.524493,-101.15305
Anacua,0.027,68827,26.385581,-98.919151
Anahuac,2.074,5372131,29.765163,-94.678502
Anderson,0.512,1325679,30.486755,-95.990321
Andrews,6.95,18000388,32.321336,-102.551846
Angleton,11.729,30376964,29.171774,-95.429311
Angus,3.291,8522600,31.999468,-96.427686
Anna,17.92,46412270,33.348167,-96.553452
Annetta,3.754,9723344,32.701294,-97.66937
Annetta North,3.777,9781263,32.712846,-97.642379
AnnettaS outh,1.91,4946045,32.672743,-97.616648
Annona,0.801,2074022,33.581811,-94.913079
Anson,2.76,7149487,32.754511,-99.896175
Anthony,6.392,16554952,31.986731,-106.598634
Anton,0.727,1882732,33.810736,-102.16221
Appleby,2.153,5576425,31.717027,-94.60777
Aquilla,0.282,729180,31.853894,-97.21964
Aransas Pass,13.19,34162424,27.914964,-97.103203
Archer,2.355,6099481,33.592689,-98.62683
Arcola,2.567,6648462,29.503789,-95.469568
Argyle,11.563,29949094,33.105493,-97.17752
Arlington,95.848,248243927,32.700708,-97.124691
Arp,2.617,6777748,32.226002,-95.052538
Arroyo Colorado Estates,1.079,2793958,26.185638,-97.611826
Arroyo Gardens,3.941,10208106,26.20145,-97.499704
Asherton,0.817,2114772,28.446118,-99.760322
Aspermont,2.054,5320616,33.140921,-100.224867
Atascocita,23.882,61854386,29.977874,-95.194624
Athens,17.846,46221739,32.202603,-95.830799
Atlanta,12.5,32374782,33.113238,-94.16761
Aubrey,3.706,9598537,33.30855,-96.979088
Aurora,3.723,9641987,33.055942,-97.509615
Austin,326.386,845335855,30.298622,-97.754134
Austwell,0.363,940427,28.391101,-96.843715
Avery,0.95,2459545,33.551195,-94.780084
Avinger,1.945,5037405,32.896894,-94.552742
Azle,8.803,22799995,32.895547,-97.53923
Bacliff,2.542,6582548,29.508637,-94.988677
Bailey,0.398,1030006,33.433622,-96.165093
Bailey's Prairie village,6.986,18093310,29.147803,-95.499847
Baird,2.657,6880644,32.396067,-99.395993
Balch Springs,9.079,23513937,32.713904,-96.618062
Balcones Heights,0.655,1695196,29.490225,-98.549138
Ballinger,3.499,9063052,31.739146,-99.955413
Balmorhea,0.513,1328464,30.982403,-103.744999
BandE,0.07,180524,26.356531,-98.753675
Bandera,1.139,2950960,29.725126,-99.074261
Bangs,1.496,3875360,31.71613,-99.13032
Banquete,2.348,6080115,27.800017,-97.796112
Bardwell,0.305,789265,32.267076,-96.695539
Barksdale,0.882,2283536,29.732902,-100.032828
Barrera,0.021,55677,26.392689,-98.898543
Barrett,6.391,16552513,29.865415,-95.052461
Barry,0.44,1138578,32.100437,-96.640532
Barstow,0.657,1702072,31.461545,-103.395503
Bartlett,1.237,3204963,30.794853,-97.432297
Barton Creek,4.901,12694468,30.283246,-97.86956
Bartonville,6.833,17696844,33.084683,-97.149176
Bastrop,9.224,23889310,30.1111,-97.318152
Batesville,5.915,15319581,28.952424,-99.629311
Bay,9.268,24003486,28.983543,-95.959872
Bayou Vista,0.317,819766,29.32557,-94.939208
Bayside,1.016,2631505,28.096046,-97.210873
Bay,40.501,104897559,29.76478,-94.967457
Bayview,3.884,10059475,26.133441,-97.397632
Beach,4.479,11599325,29.738882,-94.846504
Bear Creek village,1.141,2956001,30.182376,-97.940055
Bear Creek Ranch,0.602,1558665,32.559471,-96.764278
Beasley,1.062,2750799,29.494932,-95.915687
Beaumont,82.14,212741386,30.084912,-94.14533
Beauxart Gardens,0.854,2210945,29.959481,-94.035585
Beaver Creek,3.103,8037580,30.452327,-96.560227
Beckville,1.217,3152935,32.243602,-94.456087
Bedford,10.03,25977950,32.845838,-97.135076
Bedias,1.107,2866882,30.781636,-95.944581
Bee Cave,8.718,22578416,30.307684,-97.962591
Beeville,6.38,16524331,28.405244,-97.748931
Bellaire,3.597,9315780,29.704019,-95.460905
Bellevue,0.842,2180121,33.633508,-98.016347
Bellmead,6.903,17879237,31.601451,-97.089037
Bells,2.122,5496593,33.616488,-96.412736
Bellville,2.723,7051471,29.946639,-96.258839
Belterra,2.345,6073340,30.18853,-97.984517
Belton,20.245,52434536,31.052345,-97.479542
Ben Arnold,6.011,15569512,30.95124,-96.964306
Benavides,1.771,4586034,27.596867,-98.413776
Ben Bolt,12.242,31706367,27.665863,-98.096641
Benbrook,10.762,27873616,32.678284,-97.463601
Benjamin,1.051,2722373,33.583606,-99.792932
Benjamin Perez,0.021,54281,26.406028,-98.899653
Ben Wheeler,3,7770931,32.446547,-95.701859
Berryville,1.309,3390972,32.089249,-95.469807
Bertram,1.879,4866946,30.74198,-98.062355
Beverly Hills,0.658,1705349,31.522339,-97.156347
Bevil Oaks,2.039,5282087,30.15071,-94.270948
Bigfoot,23.909,61923982,29.062275,-98.853353
BigLake,2.388,6185732,31.194112,-101.453406
Big Sandy,1.624,4206975,32.58571,-95.112475
Big Spring,19.145,49584482,32.238341,-101.485739
Big Thicket Lake Estates,2.337,6052942,30.487663,-94.767645
Big Wells,0.555,1436839,28.569882,-99.570178
Bishop,2.412,6246863,27.585254,-97.797403
Bishop Hills,0.313,811726,35.261439,-101.951908
Bivins,1.417,3670968,33.018945,-94.191982
Bixby,1.571,4069233,26.144085,-97.85398
Blackwell,0.591,1531146,32.085054,-100.319357
Blanco,3.488,9033329,30.098594,-98.417106
Blanket,0.645,1671739,31.824444,-98.789668
Bledsoe,0.357,923548,33.618148,-103.018155
Blessing,2.031,5260674,28.87488,-96.216762
Bloomburg,1.007,2608675,33.137797,-94.059076
Blooming Grove,0.858,2221800,32.092362,-96.717295
Bloomington,2.65,6862675,28.650419,-96.902195
Blossom,2.554,6615081,33.663272,-95.383725
BlueBerry Hill,2.913,7544081,28.385506,-97.79208
Blue Mound,0.505,1307258,32.854257,-97.338369
Blue Ridge,1.26,3264008,33.298359,-96.3988
Blue,2.936,7603114,26.069649,-97.818254
Bluff Dale,0.315,814982,32.349674,-98.024873
Blum,0.989,2561648,32.141989,-97.397122
Boerne,11.754,30443293,29.784938,-98.727949
Bogata,1.415,3663615,33.469793,-95.21355
Boling,4.666,12085402,29.253144,-95.944746
Bolivar Peninsula,42.477,110015148,29.489778,-94.568501
Bonanza Hills,1.113,2883521,27.794768,-99.469502
Bonham,9.833,25467532,33.588022,-96.190095
Bonney village,1.96,5075497,29.301293,-95.450845
Booker,1.053,2727370,36.456143,-100.540224
Borger,9.032,23393565,35.659435,-101.40236
Botines,1.901,4922524,27.771895,-99.45712
Bovina,1.178,3051379,34.515657,-102.884656
Bowie,5.519,14293146,33.556959,-97.846101
Box Canyon,1.446,3744698,29.533512,-101.15861
Boyd,4.097,10611865,33.084347,-97.563208
Boys Ranch,1.597,4136831,35.535154,-102.252608
Brackettville,3.169,8207654,29.318201,-100.410503
Brady,8.943,23161372,31.115378,-99.345935
Brazoria,2.645,6849567,29.044715,-95.564665
Brazos,0.34,880133,32.662266,-98.123619
Brazos Country,1.953,5058249,29.753095,-96.038012
Breckenridge,4.197,10870049,32.756751,-98.912985
Bremond,0.886,2294431,31.165709,-96.675975
Brenham,13.055,33811253,30.15816,-96.395616
Briar,20.33,52654918,33.019013,-97.575402
Briarcliff village,1.573,4073568,30.409279,-98.044528
Briar oaks,1.114,2886525,32.495376,-97.30335
Bridge,6.436,16670037,30.0309,-93.838115
Bridgeport,7.86,20358027,33.210449,-97.772466
Briggs,0.55,1424535,30.889458,-97.921803
Bristol,5.785,14982090,32.444786,-96.567673
Broaddus,0.373,966120,31.304974,-94.27004
Bronte,1.436,3718254,31.886052,-100.295123
Brookshire,4.33,11213444,29.782391,-95.951441
Brookside Village,2.043,5290138,29.590842,-95.317967
Brookston,0.736,1906254,33.62349,-95.700053
Browndell,2.444,6328673,31.125373,-93.980137
Brownfield,6.512,16866566,33.175514,-102.273429
Brownsboro,2.373,6145168,32.29842,-95.613042
Brownsville,133.392,345483920,25.995689,-97.450848
Brownwood,14.921,38644347,31.712856,-98.977053
Bruceville-Eddy,4.134,10706016,31.308005,-97.257385
Brundage,0.611,1582727,28.573965,-99.670131
Bruni,1.315,3404990,27.428162,-98.832213
Brushy Creek,6.445,16692409,30.51283,-97.739358
Bryan,55.35,143355383,30.666016,-96.381049
Bryson,1.316,3407572,33.165636,-98.388799
Buchanan Dam,7.746,20062329,30.815674,-98.452687
Buchanan Lake Village,1.488,3852965,30.8602,-98.434312
Buckholts,1.359,3518780,30.873986,-97.128873
Buda,9.615,24902701,30.080402,-97.8557
Buena Vista,0.033,84575,26.294139,-98.610884
Buffalo,4.71,12197558,31.458905,-96.066163
Buffalo Gap,2.433,6302520,32.283345,-99.834245
Buffalo Springs Lake village,1.509,3908539,33.53373,-101.697632
Bullard,4.188,10847894,32.144166,-95.317515
Bulverde,15.811,40950396,29.774485,-98.434959
Buna,5.994,15524069,30.442708,-93.960657
Bunker Hill Village,1.442,3734401,29.764761,-95.531742
Burkburnett,11.365,29435039,34.074898,-98.567286
Burke,2.816,7292769,31.235727,-94.764823
Burleson,29.181,75577510,32.516453,-97.327374
Burlington,4.02,10411508,31.004604,-96.991485
Burnet,10.495,27181266,30.7506,-98.238227
Burton,1.184,3067045,30.185803,-96.603124
Bushland,5.975,15474234,35.202905,-102.059002
Butterfield,3.224,8349810,31.842626,-106.082195
Byers,0.994,2575193,34.069171,-98.190931
Bynum,0.134,346855,31.969071,-97.003078
Cactus,2.131,5519765,36.044376,-102.00803
Caddo Mills,5.16,13365372,33.074543,-96.226924
Cade Lakes,1.878,4862961,30.515054,-96.773377
Caldwell,4.28,11084140,30.529807,-96.699724
Callender Lake,4.133,10705104,32.363231,-95.69904
Callisburg,2.048,5303428,33.698711,-97.015918
Calvert,3.89,10074878,30.979149,-96.671542
Camargito,0.074,191072,26.345219,-98.738798
Cameron,5.239,13567870,30.860768,-96.976198
Cameron Park,0.545,1412661,25.97141,-97.478173
Campbell,1.335,3458198,33.147584,-95.954893
Campo Verde,0.033,85737,26.391658,-98.913979
Camp Swift,12.08,31288051,30.188147,-97.293207
Camp Wood,0.504,1304141,29.669047,-100.010865
Canadian,1.298,3362788,35.909678,-100.38388
Caney,1.152,2984605,32.209619,-96.038142
Canton,6.161,15957880,32.554245,-95.863534
Cantu Addition,0.301,779507,27.201993,-98.155678
Canutillo,2.746,7112287,31.918485,-106.601062
Canyon,8.076,20915641,34.990291,-101.918951
Canyon Creek,2.353,6095256,32.390978,-97.73938
Canyon Lake,142.712,369623518,29.875778,-98.26118
Cape Royale,1.965,5089878,30.653387,-95.130627
Carbon,1.024,2653152,32.268405,-98.827196
Carlsbad,1.553,4022065,31.611248,-100.640647
Carl's Corner,3.137,8123714,32.083891,-97.053229
Carlton,0.783,2027749,31.919666,-98.17143
Carmine,1.637,4240167,30.148534,-96.690681
Carrizo Hill,0.48,1243819,28.50502,-99.83114
Carrizo Springs,3.09,8004180,28.525843,-99.859255
Carrollton,36.657,94939944,32.989386,-96.89994
Carter,6.427,16645456,32.917851,-97.739698
Carthage,10.66,27610403,32.152046,-94.337111
Casa Blanca,0.034,88263,26.297641,-98.610251
Casas,0.009,23259,26.475341,-98.933253
Cashion Community,1.897,4913028,34.036458,-98.508092
Castle Hills,2.469,6395105,29.524727,-98.519054
Castroville,3.546,9184967,29.359864,-98.854749
Catarina,3.763,9746198,28.350178,-99.615258
Cedar Creek,18.001,46622550,30.082341,-97.51112
Cedar Hill,35.788,92691560,32.584326,-96.958898
Cedar Park,25.573,66233307,30.510177,-97.818626
Cedar Point,0.905,2343200,30.801268,-95.078745
Celeste,1.344,3480590,33.289675,-96.19447
Celina,48.328,125170210,33.32296,-96.798821
Center,7.987,20686332,31.793092,-94.180287
Center Point,5.333,13813275,29.93455,-99.047785
Centerville,1.788,4631160,31.258315,-95.979399
Central Gardens,2.521,6529235,29.987973,-94.021651
César Chávez,2.386,6180531,26.310953,-98.111875
Chandler,6.068,15715455,32.30688,-95.473689
Channel view,14.41,37320450,29.793023,-95.114482
Channing,0.992,2569651,35.681901,-102.332244
Chaparrito,0.096,249812,26.340817,-98.735352
Chapeno,0.08,207314,26.550879,-99.13388
Charlotte,2.04,5284134,28.85929,-98.700638
Chester,1.575,4078867,30.921319,-94.600096
Chico,1.519,3933883,33.296056,-97.798605
Childress,8.26,21392742,34.435452,-100.282382
Chillicothe,1.021,2643203,34.255741,-99.514142
Chilton,3.951,10231921,31.286037,-97.060402
China,1.357,3513328,30.041136,-94.337619
China Grove,4.313,11170969,29.392923,-98.345575
China Spring,4.617,11957273,31.649242,-97.304793
Chireno,1.874,4854487,31.498948,-94.345855
Christine,1.719,4452715,28.786224,-98.497734
Christoval,1.325,3432864,31.197614,-100.493296
Chula Vista,0.183,473868,26.073846,-97.439723
Chula Vista,3.31,8571822,28.657188,-100.42465
Chula Vista,0.529,1370588,28.659549,-99.80429
Cibolo,21.09,54622073,29.570142,-98.217797
Cienegas Terrace,3.194,8273354,29.368983,-100.942851
Cinco Ranch,4.511,11682208,29.739856,-95.760674
Circle D-KC Estates,9.285,24046964,30.160456,-97.239843
Cisco,5.37,13907228,32.387425,-98.98192
Citrus,2.075,5375460,26.327914,-98.392202
Clarendon,2.994,7753614,34.936913,-100.892111
Clarksville,3.034,7858773,33.610958,-95.056322
Clarksville,6.372,16504672,32.534957,-94.893551
Claude,1.716,4445220,35.107367,-101.362882
Clay,4.446,11515604,30.388513,-96.344933
Clear Lake Shores,0.435,1125729,29.544297,-95.032537
Cleburne,33.196,85977365,32.354993,-97.411558
Cleveland,18.799,48688925,30.338215,-95.090283
Clifton,2.05,5309416,31.782037,-97.581879
Clint,1.964,5087872,31.590195,-106.228679
Cloverleaf,3.087,7996114,29.789089,-95.176256
Clute,5.319,13775999,29.025851,-95.398229
Clyde,3.284,8504604,32.405586,-99.503918
Coahoma,1.23,3186071,32.295623,-101.308884
Cockrell Hill,0.582,1507303,32.738177,-96.88858
Coffee,1.933,5006659,32.128156,-95.472439
Coldspring,1.856,4807388,30.5893,-95.131181
Coleman,6.143,15910343,31.831378,-99.422201
College Station,51.16,132502578,30.58516,-96.29636
Colleyville,13.119,33977245,32.891478,-97.149747
Collinsville,0.988,2557637,33.559363,-96.907163
Colmesneil,2.001,5181328,30.909656,-94.422059
Colorado Acres,2.941,7616192,27.644899,-99.214301
Colorado,5.332,13810316,32.399486,-100.858304
Columbus,3.006,7786637,29.702778,-96.557057
Comanche,4.561,11812730,31.900484,-98.604364
Combes,3.247,8409480,26.246514,-97.726766
Combine,7.281,18857713,32.590079,-96.51716
Comfort,3.467,8979876,29.972311,-98.904698
Commerce,8.321,21551350,33.240992,-95.898869
Como,1.104,2859669,33.059713,-95.475236
Concepcion,0.08,206362,27.395133,-98.355628
Conroe,75.857,196467541,30.328717,-95.4846
Converse,9.445,24462075,29.512488,-98.304625
Cool,1.648,4268043,32.798325,-98.012297
Coolidge,0.949,2459115,31.751448,-96.65222
Cooper,1.462,3785363,33.371987,-95.690702
Coppell,14.424,37358835,32.963306,-96.990556
Copperas Cove,18.028,46691838,31.119575,-97.914397
Copper Canyon,4.651,12045502,33.096676,-97.097127
Corinth,7.768,20120210,33.144714,-97.070766
Corpus Christi,166.43,431051350,27.754252,-97.173385
Corral,0.153,397172,33.098512,-97.230394
Corrigan,2.296,5947194,30.99881,-94.827488
Corsicana,22.985,59530636,32.082404,-96.4667
Cottonwood,1.444,3738761,32.451381,-96.400415
Cottonwood Shores,1.071,2772924,30.55501,-98.327564
Cotulla,2.01,5206974,28.436376,-99.236711
Coupland,1.927,4990293,30.456926,-97.392366
Cove,1.217,3152176,29.813932,-94.812187
Covington,0.821,2127632,32.179115,-97.260853
Coyanosa,0.215,558140,31.240978,-103.064828
Coyote Acres,5.127,13278088,27.713177,-98.134633
Coyote Flats,1.843,4774211,32.355885,-97.292352
Crandall,7.038,18227213,32.634506,-96.432064
Crane,1.054,2730718,31.391782,-102.350269
Cranfills Gap,0.726,1879863,31.774815,-97.832955
Crawford,1.441,3731950,31.537859,-97.446763
Creedmoor,7.615,19723268,30.073833,-97.737282
Cresson,11.551,29917268,32.529861,-97.615349
Crockett,8.85,22922509,31.317111,-95.456586
Crosby,2.227,5767093,29.915154,-95.057681
Crosbyton,2.111,5466242,33.641298,-101.23772
Cross Mountain,6.121,15852138,29.649165,-98.666344
Cross Plains,1.2,3108075,32.127068,-99.165775
Cross Roads,6.752,17487367,33.220449,-96.995808
Cross Timber,1.625,4208248,32.482868,-97.32674
Crowell,1.886,4883719,33.983561,-99.724374
Crowley,7.535,19514675,32.576468,-97.359308
Crystal,3.668,9500794,28.690681,-99.827103
Cuero,6.564,17000842,29.102727,-97.287092
Cuevitas,0.307,795700,26.256627,-98.577558
Cumby,0.961,2488548,33.13512,-95.838533
Cumings,1.821,4716506,29.585265,-95.795377
Cuney,1.643,4256280,32.037434,-95.414719
Cushing,1.373,3554956,31.811939,-94.841687
Cutand Shoot,2.711,7020239,30.335475,-95.345054
Daingerfield,2.455,6357754,33.030488,-94.72588
Daisetta,1.48,3833510,30.114693,-94.641633
Dalhart,4.782,12385534,36.057423,-102.512212
Dallas,339.685,879780727,32.793333,-96.766513
Dalworthington Gardens,1.788,4629955,32.686262,-97.155115
Damon,1.394,3610270,29.283237,-95.740772
Danbury,0.969,2510577,29.227417,-95.34617
Darrouzett,0.508,1316773,36.445296,-100.322912
Dawson,1.785,4623516,31.894596,-96.714699
Dayton,30.661,79410346,30.013177,-94.936004
Dayton Lakes,0.858,2221435,30.143605,-94.81582
Dean,2.129,5515117,33.916212,-98.40145
Deanville,0.228,590322,30.428385,-96.757581
Decatur,9.307,24106155,33.225922,-97.586986
De Cordova,1.409,3649312,32.429104,-97.693084
Deer Park,10.506,27209555,29.687279,-95.115897
Deerwood,0.57,1476695,30.315312,-95.301351
DeKalb,1.369,3545676,33.507351,-94.616534
De Leon,2.242,5805992,32.11135,-98.535156
Dell,1.667,4316790,31.934889,-105.199816
Del Mar Heights,0.437,1131188,26.056623,-97.423609
Delmita,3.119,8077113,26.68515,-98.423067
Del Rio,20.46,52991082,29.373045,-100.881851
Del Sol,0.858,2222515,28.01316,-97.520239
Denison,29.019,75157766,33.766936,-96.580667
Dennis,1.401,3629117,32.607895,-97.937633
Denton,96.948,251095179,33.217449,-97.141346
Denver,2.609,6757723,32.967871,-102.832225
Deport,1.112,2880569,33.529148,-95.317422
DeSoto,21.637,56038398,32.599349,-96.862941
Detroit,1.583,4100936,33.660217,-95.266425
Devers,1.86,4816573,30.028699,-94.585972
Devine,3.214,8323448,29.145834,-98.904985
Deweyville,11.195,28994982,30.299774,-93.772977
D'Hanis,2.628,6807615,29.329008,-99.268722
Diboll,4.976,12887828,31.188315,-94.782885
Dickens,0.958,2480196,33.621273,-100.836804
Dickinson,9.965,25809510,29.451717,-95.056238
Dilley,2.331,6036280,28.667517,-99.176465
DimeBox,0.719,1862516,30.354995,-96.823145
Dimmitt,3.15,8159403,34.547895,-102.306845
DISH,1.581,4095819,33.128665,-97.307872
Dodd,1.769,4582830,33.575673,-96.075543
Dodson,0.61,1579552,34.765375,-100.020419
Doffing,4.332,11218871,26.278794,-98.385575
Domino,0.452,1171225,33.264004,-94.110991
Donna,8.292,21476695,26.16105,-98.038929
Doolittle,4.168,10796289,26.359873,-98.116438
Dorchester,1.498,3880337,33.531277,-96.689098
Double Oak,2.446,6335230,33.06249,-97.107358
Double Horn,1.964,5086329,30.498258,-98.218497
Douglassville,6.326,16383304,33.191645,-94.35194
Driftwood,1.294,3350654,30.133072,-98.037292
Dripping Springs,8.815,22831228,30.195936,-98.093701
Driscoll,1.164,3013983,27.67302,-97.751039
Dublin,3.587,9291426,32.087765,-98.338865
Dumas,5.525,14310897,35.86202,-101.964972
Duncanville,11.202,29013995,32.64595,-96.91387
Eagle Lake,2.931,7591352,29.587326,-96.328579
Eagle Pass,9.448,24470138,28.712803,-100.484812
Early,3.726,9649327,31.742153,-98.936602
Earth,1.201,3111844,34.2338,-102.409176
East Alto Bonito,0.112,290684,26.302275,-98.635768
East Bernard,3.787,9807010,29.524377,-96.062974
East Columbia,0.626,1622229,29.140981,-95.605116
Eastland,4.384,11354637,32.402156,-98.817671
East Mountain,2.115,5479047,32.585825,-94.85798
Easton,2.445,6332307,32.381929,-94.591243
East Tawakoni,1.768,4580013,32.907624,-95.933131
Ector,1.174,3041889,33.579284,-96.273115
Edcouch,1.035,2679623,26.293723,-97.963091
Eden,2.379,6161907,31.216246,-99.843965
Edgecliff Village,1.191,3085850,32.656077,-97.340598
Edgewater Estates,0.051,130852,28.096882,-97.864972
Edgewood,1.44,3728730,32.69076,-95.882221
Edinburg,46.591,120669215,26.318285,-98.153449
Edmonson,0.428,1109494,34.279108,-101.896665
Edna,4.134,10707007,28.975125,-96.648464
Edom,2.508,6496740,32.374148,-95.609273
Edroy,2.209,5721759,27.9609,-97.675441
Eidson Road,7.041,18235455,28.671663,-100.482728
Elbert,6.016,15581689,33.274758,-99.002109
ElBrazil,0.181,468115,26.468651,-98.726828
El Camino Angosto,0.324,838944,26.111524,-97.643788
El Campo,9.221,23882105,29.200693,-96.272343
El Castillo,0.028,72044,26.334926,-98.638659
El Cenizo,0.03,76788,26.410571,-98.915845
E lCenizo,0.515,1334560,27.331677,-99.501281
El Chaparral,0.098,253706,26.348795,-98.767339
Eldorado,1.393,3607082,30.861728,-100.597926
Electra,3.093,8011014,34.032294,-98.920245
Elgin,7.184,18606261,30.354376,-97.391397
Elias-FelaSolis,0.236,611835,26.385431,-98.622012
ElIndio,1.751,4534823,28.508925,-100.307239
Elkhart,1.54,3988916,31.631393,-95.580417
ElLago,0.644,1667712,29.571455,-95.045248
Ellinger,0.454,1176553,29.837473,-96.705022
Elm Creek,2.828,7323563,28.777369,-100.493356
Elmendorf,6.142,15908209,29.253331,-98.323027
El Mesquite,0.007,19374,26.384685,-98.771579
Elmo,3.998,10354296,32.739676,-96.152689
E.Lopez,0.021,53542,26.308661,-98.637851
El Paso,258.823,670348701,31.84778,-106.431106
El Quiote,0.051,131500,26.38449,-98.908378
El Rancho Vela,0.129,334593,26.403815,-98.769016
El Refugio,0.624,1616347,26.340638,-98.758944
Elsa,2.087,5406483,26.297814,-97.993562
El Socio,0.011,29075,26.340454,-98.637097
Emerald Bay,0.77,1993507,32.161272,-95.438638
Emhouse,0.267,690989,32.161303,-96.577011
Emory,1.961,5079325,32.876983,-95.766251
Encantada-Ranchito-ElCalaboz,2.631,6813558,26.034679,-97.636372
Enchanted Oaks,0.395,1023760,32.2666,-96.108989
Encinal,0.432,1119238,28.040475,-99.354489
Encino,6.712,17385102,26.936337,-98.11527
Ennis,32.52,84226318,32.325067,-96.633799
Escobares,2.673,6924054,26.412634,-98.960029
Estelline,0.733,1898617,34.546994,-100.439938
Eugenio Saenz,0.029,75179,26.358253,-98.633123
Euless,16.106,41713739,32.849366,-97.078592
Eureka,2.39,6189383,32.006774,-96.270567
Eustace,2.926,7579008,32.307542,-96.013801
Evadale,16.804,43521064,30.326641,-94.052041
Evant,0.609,1578485,31.476158,-98.15016
Evergreen,0.011,27579,26.424857,-99.024168
Everman,1.761,4560676,32.628827,-97.284246
Fabens,4.325,11202112,31.513974,-106.145258
Fabrica,0.312,808578,28.741973,-100.492598
Fairchilds village,2.143,5549859,29.43655,-95.776986
Fairfield,5.459,14137457,31.71744,-96.170483
Fair Oaks Ranch,12.261,31756445,29.746078,-98.638114
Fairview,8.879,22997616,33.140513,-96.613031
Falconaire,0.195,506340,26.551121,-99.116881
Falcon Heights,0.066,169682,26.560372,-99.122493
Falcon Lake Estates,0.671,1737575,26.87195,-99.257431
Falcon Mesa,1.519,3934623,26.870557,-99.29173
Falcon Village,0.833,2156270,26.56511,-99.134151
Falfurrias,2.861,7410517,27.22441,-98.145191
Falls,0.892,2310706,28.981666,-98.021565
Falman,0.079,204715,27.927997,-97.1713
Fannett,9.805,25393685,29.926273,-94.243345
Farmers Branch,11.881,30771559,32.927789,-96.878539
Farmersville,4.105,10633091,33.160912,-96.360657
Farnsworth,1.342,3474940,36.311078,-100.968272
Farwell,0.817,2116684,34.385631,-103.03734
Fate,12.171,31522485,32.949274,-96.383211
Fayetteville,0.502,1299164,29.906326,-96.675873
Fernando Salinas,0.019,48943,26.397879,-98.831072
Ferris,4.648,12038648,32.536723,-96.675537
FifthStreet,0.724,1875049,29.598002,-95.551317
Flat,0.98,2538576,31.309323,-97.624087
Flatonia,1.654,4284157,29.68971,-97.105205
Flor del Rio,0.015,39714,26.401302,-98.901498
Florence,0.913,2365450,30.841285,-97.791846
Floresville,7.691,19918852,29.146743,-98.165173
Flowella,0.998,2585551,27.219963,-98.064536
Flower Mound,41.941,108626874,33.037891,-97.113381
Floydada,2.033,5264667,33.983514,-101.336802
Fluvanna,1.444,3739191,32.88322,-101.141469
Follett,0.971,2515379,36.433973,-100.140767
Forest Heights,2.818,7298508,30.235042,-93.761047
Forest Hill,4.171,10803912,32.661936,-97.266235
Forney,15.883,41136252,32.742601,-96.452883
Forsan,0.291,754072,32.110338,-101.366796
Fort Bliss,17.898,46356351,31.839666,-106.374652
Fort Clark Springs,2.972,7697642,29.293821,-100.425481
Fort Davis,10.796,27962088,30.578857,-103.894655
Fort Hancock,18.946,49068667,31.289272,-105.845064
Fort Hood,19.363,50149593,31.136873,-97.784923
Fort Stockton,5.549,14371242,30.892574,-102.88421
Fort Worth,351.926,911482941,32.781954,-97.348573
Four Corners,2.413,6250343,29.670331,-95.660042
Four Points,0.517,1339167,27.796407,-99.454823
Fowlerton,2.171,5623134,28.452766,-98.809567
Franklin,1.17,3029938,31.025014,-96.487494
Frankston,2.481,6424544,32.057293,-95.504501
Fredericksburg,9.556,24749585,30.26568,-98.875676
Freeport,15.398,39881010,28.943296,-95.35607
Freer,4.123,10679285,27.882178,-98.617385
Fresno,8.529,22090617,29.537522,-95.468665
Friendswood,20.613,53386158,29.507701,-95.200635
Friona,1.406,3641711,34.639434,-102.723118
Frisco,68.587,177640615,33.155427,-96.822596
Fritch,1.622,4201680,35.643066,-101.596432
Fronton,0.418,1082261,26.425525,-99.07607
Fronton Ranchettes,0.072,187473,26.425267,-99.026933
Frost,1.131,2929860,32.079251,-96.808597
Fruitvale,1.894,4905417,32.6842,-95.803734
Fulshear,12.924,33473861,29.692426,-95.886647
Fulton,1.406,3641108,28.072445,-97.038927
Gail,2.012,5210250,32.767314,-101.455827
Gainesville,19.303,49995395,33.638647,-97.148413
Galena Park,4.804,12441880,29.745165,-95.234576
Gallatin,4.604,11924083,31.896854,-95.152062
Galveston,41.036,106283777,29.186328,-94.965758
Ganado,1.165,3016833,29.041704,-96.511029
Garceno,0.229,591964,26.412263,-98.940511
Garciasville,0.047,122166,26.319777,-98.699621
Garden,1.769,4580788,31.872766,-101.488384
Gardendale,11.469,29704854,32.013458,-102.359617
Garden Ridge,7.14,18493481,29.636465,-98.292472
Garfield,11.982,31033310,30.203319,-97.561411
Garland,56.857,147259437,32.909826,-96.630334
Garner,3.469,8985336,32.827019,-97.984788
Garrett,1.781,4613622,32.374072,-96.65252
Garrison,1.174,3040337,31.826034,-94.493774
Garwood,5.429,14060830,29.441463,-96.413409
Gary,1.898,4916655,32.027728,-94.3679
Garza-SalinasII,0.079,205372,26.351774,-98.759539
Gatesville,10.655,27597595,31.438667,-97.746027
Gause,1.022,2647466,30.787364,-96.722319
George,58.147,150599414,30.668136,-97.698744
George West,1.938,5019549,28.33,-98.118304
Geronimo,7.989,20692436,29.672832,-97.968647
Gholson,8.362,21658217,31.705571,-97.238008
Giddings,5.277,13666417,30.183667,-96.928029
Gilmer,3.79,9816734,32.732275,-94.945776
Girard,1.451,3759285,33.3635,-100.659691
Gladewater,11.567,29957512,32.542547,-94.947137
Glazier,1.284,3324828,36.013681,-100.270188
Glenn Heights,7.272,18834083,32.5513,-96.854388
GlenRose,4.002,10364937,32.246824,-97.748052
Glidden,0.995,2576260,29.697296,-96.587452
Godley,3.867,10015286,32.458882,-97.532908
Goldsmith,0.324,838862,31.983325,-102.616381
Goldthwaite,2.019,5229481,31.450806,-98.57352
Goliad,1.565,4054148,28.671131,-97.392595
Golinda,4.167,10793639,31.367886,-97.071091
Gonzales,6.08,15748329,29.512549,-97.447205
Goodlow,1.023,2649384,32.108424,-96.215601
Goodrich,0.705,1825606,30.609276,-94.946624
Gordon,0.97,2511284,32.545546,-98.367183
Goree,1.45,3754946,33.467965,-99.523621
Gorman,1.643,4255988,32.213538,-98.672077
Graford,0.718,1860492,32.937415,-98.247505
Graham,5.597,14496211,33.100881,-98.577806
Granbury,17.229,44622261,32.432805,-97.775149
Grandfalls,0.54,1398271,31.340494,-102.854463
Grand Prairie,72.422,187572165,32.686108,-97.020804
Grand Saline,2.097,5430016,32.678138,-95.711613
Grandview,1.976,5116915,32.268383,-97.178948
Granger,0.667,1727158,30.718294,-97.441141
Grangerland,1.69,4377266,30.253868,-95.33012
Granite Shoals,7.065,18297752,30.588757,-98.367316
Granjeno,0.304,786192,26.137061,-98.303355
Grape Creek,15.657,40552654,31.581676,-100.54737
Grapeland,2.578,6675900,31.493976,-95.47753
Grapevine,32.162,83299265,32.934969,-97.075912
Grays Prairievillage,1.224,3169940,32.47342,-96.350229
Green Valley Farms,3.857,9990149,26.120698,-97.564797
Greenville,32.287,83622735,33.111939,-96.110256
Gregory,1.525,3950285,27.923239,-97.290924
Grey Forest,0.727,1883469,29.615672,-98.68325
Groesbeck,4.342,11246912,31.525623,-96.528061
Groom,0.744,1927510,35.207651,-101.105533
Groves,5.213,13502438,29.945971,-93.916656
Groveton,2.583,6691154,31.057019,-95.12637
Gruver,1.101,2852696,36.260494,-101.407122
Guadalupe Guerra,0.015,38053,26.410816,-99.081881
Guerra,0.209,540666,26.882582,-98.894882
GunBarrel,6.254,16196863,32.328248,-96.131762
Gunter,19.417,50290505,33.416309,-96.820799
Gustine,0.915,2370798,31.845689,-98.402529
Guthrie,1.779,4607602,33.622594,-100.328433
Gutierrez,0.052,133406,26.340527,-98.63289
Hackberry,0.679,1758470,33.149748,-96.918313
HaleCenter,1.437,3720728,34.066107,-101.84626
Hallettsville,2.735,7083329,29.4431,-96.943548
Hallsburg,2.717,7036120,31.536296,-96.945694
Hallsville,3.992,10338286,32.499328,-94.567896
Haltom,12.351,31988456,32.817698,-97.271152
Hamilton,3.467,8978980,31.700387,-98.119669
Hamlin,5.287,13694065,32.889987,-100.1325
Hamshire,2.975,7705810,29.854808,-94.320712
Happy,1.061,2748251,34.741581,-101.857144
Hardin,2.592,6713592,30.149233,-94.737749
Harding Gill Tract,1.096,2838555,26.428363,-98.015374
Hargill,0.855,2214186,26.442289,-98.014559
HarkerHeights,15.624,40466261,31.056708,-97.644221
Harlingen,40.268,104294117,26.191204,-97.697383
Harper,56.573,146522631,30.2661,-99.272607
Harrold,4.052,10495538,34.06757,-99.033091
Hart,0.738,1911988,34.385754,-102.114988
Hartley,6.968,18046887,35.898194,-102.396562
Harwood,0.537,1389984,29.666569,-97.501292
Haskell,3.598,9318043,33.159775,-99.732032
Haslet,8.99,23283440,32.966518,-97.337825
Havana,0.81,2097524,26.25219,-98.510974
HawkCove,0.368,952587,32.883973,-96.083273
Hawkins,2.206,5712517,32.591384,-95.203306
Hawley,2.93,7588852,32.606696,-99.810163
Hays,0.223,577896,30.121506,-97.872411
H.Cuellar Estates,0.014,35616,26.561135,-99.125787
Hearne,4.12,10671420,30.877062,-96.595217
Heartland,3.331,8626314,32.67216,-96.455762
Heath,12.36,32011517,32.853507,-96.463641
Hebbronville,6.481,16784576,27.324984,-98.685665
Hebron,0.268,694606,33.046186,-96.887136
Hedley,0.715,1851085,34.867384,-100.65905
Hedwig Village,0.954,2470852,29.779867,-95.519203
Heidelberg,2.641,6838880,26.182783,-97.885899
Helotes,6.929,17946631,29.57797,-98.68054
Hemphill,2.539,6575470,31.3433,-93.851913
Hempstead,6.563,16996865,30.100601,-96.07773
Henderson,11.994,31063436,32.157256,-94.795898
Henrietta,5.106,13224292,33.814307,-98.192773
Hereford,6.324,16378837,34.822603,-102.400159
Hermleigh,9.05,23438737,32.640775,-100.750485
Hewitt,6.887,17838223,31.451248,-97.193315
Hickory Creek,4.896,12679820,33.110852,-97.034729
Hico,1.824,4723705,31.98511,-98.028405
Hidalgo,8.347,21619918,26.108943,-98.24616
Hideaway,2.066,5349929,32.494654,-95.45651
Higgins,1.109,2871996,36.120995,-100.027432
Highland Haven,0.441,1142850,30.607149,-98.39522
Highland Park,2.243,5809596,32.831056,-96.801235
Highlands,4.881,12642752,29.812869,-95.057826
Highland Village,5.532,14326894,33.089749,-97.061504
HillCountry Village,2.192,5676489,29.581999,-98.485663
Hillcrest Village,0.44,1138460,29.392079,-95.2226
Hillsboro,10.983,28446341,32.007831,-97.115652
Hillside Acres,0.237,613838,27.676165,-99.177706
Hilltop,1.255,3250065,28.693843,-99.176148
Hilltop,0.049,127485,26.403982,-98.920659
Hilltop Lakes,8.534,22102821,31.063558,-96.190463
Hilshire Village,0.267,692682,29.790851,-95.488501
Hitchcock,60.432,156518866,29.28262,-95.007631
Holiday Beach,1.611,4172900,28.167125,-97.008001
Holiday Lakes,0.88,2278236,29.207176,-95.515335
Holland,1.645,4259321,30.88826,-97.401361
Holliday,2.499,6471870,33.814294,-98.689589
Holly Lake Ranch,8.675,22467601,32.713177,-95.199372
Hollywood Park,1.446,3745057,29.599214,-98.485542
Homestead Meadows North,15.588,40373273,31.848326,-106.170686
Homestead Meadows South,3.665,9491744,31.811024,-106.164259
Hondo,10.049,26025534,29.354242,-99.161846
Honey Grove,2.983,7724850,33.588095,-95.908622
Hooks,2.086,5401498,33.470695,-94.286542
Horizon,8.714,22569389,31.679648,-106.191055
Horns byB end,9.399,24344186,30.239894,-97.590177
Horseshoe Bay,14.326,37104663,30.540758,-98.38057
Horseshoe Bend,1.648,4267037,32.578992,-97.88516
Houston,640.752,1659540891,29.785743,-95.388806
Howardwick,2.025,5245380,35.034812,-100.907847
Howe,4.99,12922747,33.507477,-96.615543
Hubbard,1.956,5065781,31.846821,-96.799998
Huckabay,3.353,8683523,32.348866,-98.291762
Hudson,5.07,13130338,31.319158,-94.784737
Hudson Bend,3.988,10328413,30.414655,-97.927341
Hudson Oaks,3.163,8193259,32.750963,-97.700414
Hughes Springs,2.493,6456732,32.99874,-94.63105
Hull,1.994,5163861,30.147165,-94.642634
Humble,9.912,25672649,29.988207,-95.264356
Hungerford,1.835,4753397,29.406704,-96.090529
Hunters Creek Village,1.955,5063560,29.772691,-95.498079
Huntington,2.747,7115275,31.280311,-94.576566
Huntsville,41.778,108205731,30.700542,-95.55489
Hurst,9.964,25806444,32.836643,-97.180627
Hutchins,9.107,23587190,32.643392,-96.709833
Hutto,14.789,38302265,30.541624,-97.544249
Huxley,2.038,5279414,31.730933,-93.873259
Iago,1.897,4914448,29.271222,-95.961795
Idalou,1.01,2616014,33.6624,-101.683697
Iglesia Antigua,2.106,5454768,26.085008,-97.832034
Impact,0.087,225084,32.500177,-99.746526
Imperial,4.222,10933696,31.266844,-102.694651
Indian Hills,2.435,6307265,26.211121,-97.919097
Indian Lake,0.23,596504,26.087729,-97.503116
Indian Springs,1.823,4722814,30.687609,-94.746229
Indio,0.286,742017,26.548877,-99.095866
Industry,1.067,2762602,29.967368,-96.497089
Inez,59.591,154341079,28.876334,-96.790882
Ingleside,16.898,43766537,27.870608,-97.207906
Inglesideonthe Bay,0.292,757560,27.829833,-97.221324
Ingram,1.467,3800595,30.077052,-99.237509
Iola,1.031,2670568,30.772645,-96.077628
Iowa Colony village,11.071,28672482,29.441093,-95.423754
Iowa Park,4.266,11047680,33.962773,-98.680872
Iraan,0.617,1597482,30.912901,-101.900075
Iredell,0.449,1162309,31.986036,-97.871676
Irving,66.979,173475846,32.857748,-96.970022
Italy,2.005,5193072,32.186464,-96.885789
Itasca,1.24,3212643,32.158674,-97.147947
Ivanhoe,3.183,8243038,30.679601,-94.414021
Jacinto,1.853,4800533,29.766377,-95.241218
Jacksboro,7.227,18717464,33.225763,-98.159169
Jacksonville,15.147,39230962,31.959514,-95.265705
Jamaica Beach,0.581,1504389,29.190364,-94.979307
Jardinde San Julian,0.016,40326,26.525375,-99.099851
Jarrell,3.657,9470665,30.810264,-97.615122
Jasper,10.446,27055953,30.922681,-93.993251
Jayton,1.697,4394635,33.25018,-100.574868
Jefferson,4.448,11519941,32.763494,-94.350835
Jersey Village,3.476,9002238,29.892927,-95.577225
Jewett,2.049,5307944,31.362606,-96.145544
J.F. Villareal,0.016,41430,26.419911,-98.97883
Joaquin,2.306,5972637,31.965579,-94.048368
Johnson,1.951,5053762,30.272097,-98.407126
Jolly,0.983,2545266,33.875289,-98.349168
Jones Creek village,2.526,6541451,28.974996,-95.468505
Jones,6.528,16906824,30.481656,-97.931974
Josephine,2.002,5185360,33.063107,-96.316643
Joshua,8.935,23141943,32.459091,-97.383816
Jourdanton,3.637,9419024,28.914045,-98.540806
Juarez,0.2,518714,26.200879,-97.729609
Junction,2.3,5956426,30.490759,-99.773222
Justin,4.546,11772912,33.081837,-97.314234
Karnes,2.321,6012564,28.88541,-97.900505
Katy,15.294,39610195,29.790915,-95.840711
Kaufman,9.744,25235864,32.577249,-96.313715
K-Bar Ranch,3.368,8722626,27.992824,-97.926747
Keene,5.216,13508356,32.396131,-97.323489
Keller,18.355,47538600,32.932877,-97.224513
Kemah,1.834,4749427,29.528647,-95.020043
Kemp,2.22,5749007,32.437379,-96.226017
Kempner,2.054,5319541,31.075496,-97.972729
Kendleton,1.099,2846893,29.443784,-96.006567
Kenedy,4.413,11429131,28.808801,-97.853732
Kenefick,1.55,4015044,30.102854,-94.841557
Kennard,1.297,3360095,31.357503,-95.18537
Kennedale,6.609,17117503,32.643979,-97.217173
Kerens,2.501,6477732,32.131157,-96.2257
Kermit,2.533,6560262,31.853923,-103.092395
Kerrville,22.925,59374964,30.038317,-99.131069
Kilgore,18.613,48206642,32.396669,-94.860013
Killeen,54.628,141486029,31.077669,-97.731952
Kingsbury,2.576,6671410,29.65001,-97.818585
Kingsland,9.045,23427629,30.666141,-98.454026
Kingsville,13.883,35956750,27.509201,-97.861028
Kirby,2,5180241,29.461744,-98.385326
Kirbyville,2.417,6259017,30.658199,-93.90007
Kirvin,0.401,1038560,31.767096,-96.330018
Knippa,5.114,13245689,29.303817,-99.630829
Knollwood,0.325,841459,33.689274,-96.618475
Knox,0.833,2158013,33.417574,-99.815703
Kopperl,0.541,1400549,32.069856,-97.499032
Kosse,1.29,3340650,31.307383,-96.629361
Kountze,3.978,10303394,30.372545,-94.315661
Kress,0.557,1441489,34.365819,-101.748428
Krugerville,1.59,4116863,33.277547,-96.989786
Krum,3,7769901,33.265033,-97.224939
Kurten,4.553,11791577,30.790042,-96.276128
Kyle,32.515,84213779,29.994118,-97.883322
La Blanca,4.133,10705400,26.304793,-98.028601
La Carla,0.072,185498,26.435385,-98.740592
La Casita,0.062,161129,26.337059,-98.733968
La Chuparosa,0.01,26131,26.403708,-98.926801
Lackland AFB,4.235,10968263,29.38663,-98.617887
La Coma,1.218,3154881,27.499068,-99.303516
La Coma Heights,0.981,2540675,26.439307,-98.074724
La Coste,0.631,1633632,29.309977,-98.8111
Lacy-Lakeview,4.353,11275140,31.631213,-97.105078
Ladonia,1.991,5156091,33.428376,-95.948222
La Escondida,0.058,150517,26.38065,-98.873728
La Esperanza,0.028,73413,26.431314,-98.892272
La Feria,4.392,11374279,26.155307,-97.825027
La Feria North,1.143,2960165,26.178865,-97.822195
Lago,0.047,121262,26.087561,-97.612745
Lago Vista,0.441,1141910,26.564322,-99.107767
LagoV ista,14.441,37400899,30.452623,-97.991019
La Grange,4.136,10711844,29.912609,-96.876296
La Grulla,0.937,2425585,26.271272,-98.648631
Laguna Heights,0.161,415802,26.080819,-97.259307
Laguna Park,2.995,7757624,31.864263,-97.383351
Laguna Seca,2.273,5886968,26.279303,-97.926182
Laguna Vista,4.827,12501221,26.105907,-97.296336
La Homa,6.313,16350271,26.279645,-98.357457
La Joya,4.205,10891264,26.25786,-98.47642
Lake Bridgeport,0.467,1208500,33.207279,-97.830988
Lake Brownwood,5.682,14717086,31.816907,-99.105918
Lake Bryan,7.563,19588502,30.714261,-96.469319
Lake Cherokee,12.287,31822519,32.360187,-94.650123
Lake,0.729,1887335,28.083099,-97.88261
Lake Colorado,7.758,20093955,32.346475,-100.937518
Lake Dallas,2.428,6287614,33.127781,-97.022786
Lake Dunlap,1.5,3885593,29.665313,-98.08156
Lakehills,30.31,78503125,29.627062,-98.942618
Lake Jackson,19.735,51113743,29.050864,-95.45123
LakeKiowa,2.986,7733087,33.570714,-97.013064
Lake Medina Shores,3.092,8008002,29.637995,-98.991497
Lake Meredith Estates,0.841,2178965,35.663907,-101.602725
Lakeport,1.589,4115436,32.405054,-94.710171
Lakeshore Gardens-HiddenAcres,2.04,5284778,28.126974,-97.869793
Lakeside,0.382,989973,28.103079,-97.861124
Lakeside,1.745,4519972,32.820836,-97.479431
Lakeside,0.635,1644001,33.829213,-98.540275
Lake Tanglewood village,1.124,2910866,35.056001,-101.781907
Lakeview,0.206,534794,34.672765,-100.697219
Lake View,0.508,1315351,29.45908,-100.953361
Lakeway,12.872,33338696,30.354982,-97.986269
Lakewood Village,0.796,2061625,33.136069,-96.976542
LakeWorth,2.464,6382875,32.812972,-97.430548
LaLomade Falcon,0.086,221948,26.536833,-99.095959
Lamar,3.061,7928698,28.14034,-96.987818
La Marque,13.762,35642145,29.369797,-94.99419
Lamesa,5.107,13228239,32.733338,-101.953773
LaMinita,0.524,1357956,26.502256,-99.073505
Lamkin,0.676,1750705,31.824189,-98.261976
La Moca Ranch,15.047,38970590,27.903209,-99.510497
Lampasas,7.39,19140979,31.064037,-98.182783
Lancaster,33.065,85639038,32.596203,-96.773789
Lantana,2.326,6024213,33.093446,-97.11904
La Paloma,2.154,5578470,26.051962,-97.655253
La Paloma Addition,0.701,1815260,28.017002,-97.500943
La Paloma-LostC reek,8.408,21777648,27.71954,-97.739204
La Paloma Ranchettes,0.47,1216468,26.314792,-98.623017
La Porte,18.604,48182900,29.667413,-95.049139
La Presa,0.498,1290941,27.399507,-99.432496
La Pryor,2.669,6913586,28.949057,-99.847918
La Puerta,0.316,818468,26.346828,-98.750552
Laredo,109.093,282548899,27.560379,-99.489181
LaredoRanchettes,0.551,1427789,27.491353,-99.359782
Laredo Ranchettes West,0.072,187755,27.490038,-99.370143
LaRosita,0.069,177463,26.401682,-98.9321
Lasana,0.821,2126076,26.259613,-97.693364
Lasara,1.445,3741757,26.463789,-97.908713
Las Haciendas,0.236,612482,27.631483,-99.19873
Las Lomas,0.393,1018261,26.363831,-98.774649
Las Lomitas,3.95,10230034,27.337838,-98.66289
Las Palmas,0.068,175736,26.951633,-99.276013
Las PalmasII,0.31,802956,26.201707,-97.737588
Las Pilas,0.833,2158350,27.681463,-99.183235
Las Quintas Fronterizas,0.525,1360309,28.690208,-100.468309
Latexo,0.982,2542301,31.391431,-95.47523
La Tina Ranch,7.032,18211873,26.200739,-97.481023
Laughlin AFB,6.373,16504799,29.358463,-100.776883
Laureles,4.8,12432544,26.119704,-97.48918
La Vernia,2.389,6188758,29.353106,-98.125777
La Victoria,0.305,789137,26.347791,-98.629488
La Villa,0.596,1544697,26.296308,-97.926912
Lavon,4.287,11104301,33.023862,-96.433029
LaWard,0.812,2102814,28.846442,-96.464876
Lawn,0.597,1544992,32.13657,-99.750099
League,51.36,133022230,29.490064,-95.109093
Leakey,0.565,1462236,29.725365,-99.763068
Leander,38.802,100496417,30.574273,-97.861741
Leary,1.27,3288163,33.467033,-94.211269
Lefors,0.39,1009111,35.439601,-100.803889
Lelia Lake,0.889,2302509,34.902001,-100.766196
Leming,4.828,12504593,29.068341,-98.472227
Leona,2.223,5757846,31.153708,-95.975988
Leonard,2.289,5928399,33.383176,-96.246466
Leon Valley,3.468,8980867,29.495375,-98.6143
Leroy,1.847,4783989,31.732358,-97.021707
Levelland,10.207,26436484,33.581547,-102.364117
Lewisville,40.657,105299973,33.050725,-96.974623
Lexington,1.336,3461339,30.414295,-97.009944
Liberty,44.521,115307823,30.038834,-94.788803
Liberty,6.091,15775562,32.451796,-94.942976
Liberty Hill,4.634,12001085,30.663377,-97.905506
Lindale,6.184,16017097,32.494132,-95.407344
Linden,3.53,9143617,33.010954,-94.362628
Lindsay,1.631,4224199,33.642308,-97.219725
Lindsay,0.901,2334506,31.36886,-103.538441
Lingleville,1.017,2634847,32.243196,-98.376735
Linn,48.574,125805622,26.563336,-98.128867
Lipan,1.061,2747880,32.518651,-98.047055
Lipscomb,3.752,9718061,36.221491,-100.262107
Little Cypress,3.796,9832809,30.178084,-93.755286
Little Elm,18.518,47961801,33.192497,-96.919975
Littlefield,6.283,16272765,33.919183,-102.334804
LittleRiver-Academy,1.911,4948518,30.978753,-97.346981
Live SOak,4.757,12319773,29.555395,-98.340042
Liverpool,1.094,2834078,29.301801,-95.274513
Livingston,8.73,22609328,30.710043,-94.93793
Llano,5.296,13717239,30.751007,-98.676524
Llano Grande,1.585,4106229,26.130835,-97.968447
Lockett,3.003,7778364,34.082573,-99.373821
Lockhart,16.224,42019990,29.877809,-97.682622
Lockney,1.548,4009869,34.123054,-101.442472
Log Cabin,1.047,2710790,32.223486,-96.022352
Lolita,2.568,6651030,28.832483,-96.538783
Loma Grande,0.068,176493,28.722077,-99.832709
Loma Linda,1.253,3244908,28.007011,-97.499402
LomaLinda East,5.144,13322140,27.766337,-98.194226
LomaLinda East,0.038,98417,26.32813,-98.689413
LomaLinda West,0.122,316565,26.420471,-98.930372
Loma Vista,0.013,34124,26.416872,-98.981412
Lometa,0.84,2174931,31.216622,-98.392426
Lone Oak,1.111,2876446,32.996103,-95.940658
Lone Star,1.978,5124068,32.93997,-94.709073
Longoria,0.017,43398,26.30238,-98.642489
Longview,56.227,145628104,32.520234,-94.761114
Loop,3.542,9174741,32.914189,-102.414709
Lopeño,0.817,2116603,26.711834,-99.100966
Lopezville,0.77,1994111,26.245241,-98.153746
Loraine,1.039,2691522,32.408651,-100.712515
Lorena,3.852,9975979,31.383111,-97.210204
Lorenzo,0.954,2470780,33.67034,-101.536078
Los Altos,0.038,98499,27.490491,-99.385823
Los Alvarez,0.094,244485,26.385936,-98.899036
Los Angeles,0.151,390245,26.494764,-97.786319
Los Arcos,0.206,534198,27.614419,-99.210488
Los Arrieros,0.034,88846,26.515769,-99.08452
Los Barreras,0.229,593091,26.391164,-98.918353
Los Centenarios,0.188,487244,27.61226,-99.212988
Los Corralitos,0.035,91753,27.641193,-99.557476
Los Ebanos,0.595,1540279,26.239671,-98.552191
Los Ebanos,0.03,78129,26.411313,-98.918581
Los Fresnos,4.391,11373107,26.074062,-97.488017
Los Fresnos,0.181,468338,27.616942,-99.207979
Los Huisaches,0.452,1170630,27.907028,-99.475803
Los Indios,1.875,4857059,26.049927,-97.734811
Los Lobos,0.142,367773,26.606536,-99.161264
Los Minerales,1.063,2754332,27.655494,-99.61788
Los Nopalitos,0.148,383803,27.619521,-99.205609
Lost Creek,1.998,5174053,30.302237,-97.849781
Los VeteranosI,0.394,1019707,27.633353,-99.218551
Los VeteranosII,0.159,412355,27.771135,-99.443309
Los Ybanez,0.083,215759,32.719195,-101.917507
Lott,1.01,2616396,31.206257,-97.033576
Louise,6.684,17311565,29.113136,-96.412397
Lovelady,1.321,3421104,31.128172,-95.445877
Loving,1.971,5106143,33.257815,-98.521927
Lowry Crossing,2.593,6716841,33.169279,-96.544985
Lozano,0.118,306502,26.18959,-97.54373
Lubbock,143.189,370857949,33.561901,-101.888883
Lucas,15.601,40406346,33.101031,-96.581182
Lueders,0.59,1527146,32.800432,-99.623217
Lufkin,34.208,88597937,31.322904,-94.729026
Luling,5.51,14271971,29.681747,-97.646696
Lumberton,13.41,34731857,30.254992,-94.207963
Lyford,1.75,4533398,26.414597,-97.789266
Lyons,2.957,7657432,30.40879,-96.539232
Lytle,4.765,12342270,29.234619,-98.793675
Mabank,8.731,22614196,32.371862,-96.109504
McAllen,62.369,161534638,26.224966,-98.246083
McCamey,2.025,5245838,31.132464,-102.22004
McCaulley,0.869,2251782,32.779341,-100.206747
McDade,4.09,10593612,30.278932,-97.252375
Macdona,1.554,4026011,29.320775,-98.699717
McGregor,22.627,58604782,31.419669,-97.426341
McKinney,68.362,177058041,33.201125,-96.664161
McKinney Acres,1.646,4262270,32.296334,-102.52978
McLean,1.158,2999766,35.232339,-100.600107
McLendon-Chisholm,12.576,32570523,32.847107,-96.391219
McLeod,2.737,7088259,32.945512,-94.077662
McQueeney,4.092,10598711,29.600453,-98.047576
Madisonville,4.178,10822213,30.954018,-95.909285
Magnolia,4.845,12547418,30.213032,-95.7426
Magnolia Beach,1.021,2643496,28.560461,-96.549585
Malakoff,2.87,7432607,32.173308,-96.021029
Malone,0.457,1182354,31.91726,-96.894658
Manchaca,1.956,5065529,30.135234,-97.836436
Manor,9.805,25394391,30.354228,-97.558259
Mansfield,36.791,95289090,32.569188,-97.120532
Manuel Garcia,0.036,92232,26.333654,-98.701643
Manuel GarciaII,0.017,42997,26.312646,-98.691281
Manvel,27.321,70760853,29.485422,-95.362322
Marathon,5.261,13625025,30.220864,-103.236601
Marble Falls,16.489,42706032,30.560168,-98.277286
Marfa,1.623,4202785,30.310679,-104.025452
Marietta,0.578,1497574,33.173548,-94.542531
Marion,0.781,2022812,29.572568,-98.142941
Markham,2.249,5825472,28.962548,-96.063953
Marlin,4.517,11698660,31.308039,-96.89318
Marquez,1.312,3396774,31.236134,-96.257428
Marshall,29.758,77071776,32.539159,-94.353173
Mart,1.377,3565935,31.541472,-96.830553
Martindale,2.063,5344032,29.844954,-97.838296
Martinez,0.053,138292,26.422156,-98.75291
Mason,3.653,9461787,30.747713,-99.228603
Matador,1.304,3377820,34.015084,-100.821094
Matagorda,1.844,4774754,28.696451,-95.966602
Mathis,3.316,8588884,28.090918,-97.817048
Maud,1.491,3860614,33.329892,-94.346145
Mauriceville,8.411,21784042,30.231045,-93.871478
May,1.488,3853028,31.97976,-98.9247
Maypearl,0.757,1959959,32.311247,-97.006663
Meadow,1.608,4164511,33.337725,-102.205857
Meadowlakes,0.75,1942394,30.564223,-98.295075
Meadows Place,0.933,2417201,29.650922,-95.586909
Medina,1.773,4593332,26.935079,-99.264419
Megargel,0.61,1580812,33.453389,-98.929413
Melissa,11.46,29681662,33.288521,-96.557632
Melvin,0.464,1201014,31.199216,-99.581316
Memphis,2.244,5811643,34.726734,-100.541655
Menard,2.063,5343446,30.918441,-99.783678
Mentone,0.17,440389,31.707438,-103.598875
Mercedes,11.799,30559256,26.153818,-97.912907
Meridian,2.085,5400354,31.9266,-97.649091
Merkel,2.798,7246680,32.469731,-100.011096
Mertens,0.435,1125465,32.059022,-96.894167
Mertzon,1.519,3935390,31.261982,-100.820808
Mesquite,49.104,127179072,32.75955,-96.584164
Mesquite,0.05,128477,26.402434,-98.980938
Mexia,7.198,18641865,31.680693,-96.483203
Miami,1.169,3028642,35.692311,-100.641565
Midfield,0.462,1196653,28.940283,-96.213354
Midland,76.158,197249404,32.024642,-102.113467
Midlothian,63.725,165046259,32.469436,-96.99067
Midway,1.587,4110429,31.02512,-95.7565
Midway North,1.73,4481399,26.187036,-98.019052
Midway South,0.979,2534718,26.156844,-98.021414
Migue lBarrera,0.017,44729,26.412012,-98.921576
Mikes,0.131,339174,26.31466,-98.633612
MilaDoce,3.286,8510348,26.222444,-97.959936
Milam,33.147,85849471,31.448979,-93.785986
Milano,1.827,4732480,30.705313,-96.852687
Mildred,2.297,5949122,32.046271,-96.324898
Miles,1.702,4406949,31.60062,-100.185317
Milford,2.461,6374573,32.121506,-96.95001
Miller's Cove,0.164,424420,33.155283,-95.115167
Millsap,1.468,3801924,32.74991,-98.011469
Mineola,10.309,26699754,32.652881,-95.480296
Mineral Wells,20.399,52832599,32.823483,-98.078798
Mingus,1.554,4025759,32.536319,-98.424862
MiRanchito Estate,0.313,810905,26.38781,-98.873329
Mirando,0.318,823817,27.440095,-99.000621
Mission,36.332,94098203,26.20406,-98.325221
Mission Bend,4.766,12345077,29.693695,-95.666342
Missouri,29.02,75162239,29.562944,-95.535999
Mobeetie,0.61,1580938,35.533689,-100.441319
Mobile,0.015,39049,32.922832,-96.411149
Monahans,28.92,74901163,31.655721,-103.083694
Montague,1.276,3304591,33.66527,-97.720954
Mont Belvieu,17.791,46077450,29.849964,-94.874713
MonteAlto,2.249,5825318,26.374373,-97.972724
Montgomery,5.764,14927792,30.390385,-95.698168
Moody,1.393,3606916,31.306581,-97.358952
Moore,6.101,15800231,29.057906,-99.0058
Moore Station,1.262,3268060,32.190556,-95.570391
Moraida,0.041,106118,26.414844,-98.976744
Morales-Sanchez,1.406,3640367,26.787616,-99.114689
Moran,0.425,1099823,32.547234,-99.166492
Morgan,0.741,1920238,32.015936,-97.606093
Morgan Farm,3.338,8645371,28.005476,-97.553588
Morgan's Point,0.82,2122861,29.671756,-94.998151
Morgan's PointResort,3.047,7892527,31.154564,-97.459192
Morning Glory,1.073,2778021,31.564753,-106.208933
Morse,0.551,1428023,36.06596,-101.476925
Morton,1.505,3897781,33.72482,-102.75921
Mosheim,0.679,1758655,31.632585,-97.599711
Moulton,0.835,2163185,29.572206,-97.146552
Mound,0.716,1854041,31.350475,-97.643116
Mountain,0.526,1361301,30.039209,-97.891527
Mount Calm,0.823,2131181,31.756291,-96.881744
Mount Enterprise,1.485,3845249,31.911639,-94.682767
Mount Pleasant,20.332,52660522,33.158236,-94.974468
Mount Vernon,4.312,11169155,33.177431,-95.224447
Muenster,2.638,6833488,33.653029,-97.375693
Muleshoe,3.431,8886170,34.229179,-102.72838
Mullin,0.468,1212076,31.555229,-98.66566
Munday,1.427,3696268,33.447102,-99.623904
Muniz,1.061,2746924,26.257821,-98.08967
Murchison,1.578,4086951,32.275172,-95.756069
Murillo,5.486,14207957,26.264087,-98.122751
Murphy,5.697,14755058,33.016418,-96.608233
Mustang,0.122,316713,32.012398,-96.431707
Mustang Ridge,3.729,9658478,30.051107,-97.701593
Myra,0.511,1322845,33.623968,-97.314701
Myrtle Springs,7.305,18918581,32.624095,-95.936406
Nacogdoches,27.609,71506106,31.612364,-94.652046
Nada,6.674,17285048,29.415511,-96.378572
Naples,2.367,6129500,33.201949,-94.678985
Narciso Pena,0.008,20470,26.30187,-98.640696
Nash,4.474,11588630,33.447223,-94.134514
Nassau Bay,1.215,3146049,29.544815,-95.087388
Natalia,1.391,3601973,29.185467,-98.852054
Navarro,0.668,1730200,32.00079,-96.382516
Navasota,8.35,21625898,30.386399,-96.090734
Nazareth,0.363,940639,34.541869,-102.102346
Neches,1.01,2616161,31.869418,-95.484844
Nederland,5.667,14676378,29.969288,-94.001714
Needville,2.008,5200505,29.394952,-95.838154
Nesbitt,1.746,4522288,32.589371,-94.446539
Netos,0.037,95900,26.410807,-98.758513
Nevada,2.387,6182109,33.035329,-96.370639
Newark,0.895,2317210,33.013542,-97.488418
New Berlin,9.629,24939738,29.489043,-98.109375
New Boston,4.244,10991349,33.46111,-94.419096
New Braunfels,45.025,116614375,29.699306,-98.115127
Newcastle,1.79,4636314,33.196243,-98.743508
New Chapel Hill,2.393,6197687,32.299165,-95.168627
New Deal,2.332,6039722,33.732334,-101.844475
New Fairview,18.917,48995564,33.109096,-97.43458
New Falcon,0.196,508251,26.638338,-99.094747
New Home,1.001,2593785,33.326938,-101.911722
New Hope,1.434,3713907,33.211876,-96.558682
New London,8.607,22291816,32.269395,-94.929777
New Summerfield,4.7,12172528,31.980747,-95.114982
Newton,5.445,14101850,30.850769,-93.754105
New Ulm,5.358,13876200,29.883039,-96.49599
New Waverly,2.208,5717919,30.539761,-95.482107
Neylandville,0.315,815628,33.195476,-96.016396
Niederwald,3.667,9497342,29.994192,-97.775749
Nina,0.042,107858,26.281134,-98.580988
Nixon,1.563,4048138,29.26967,-97.765876
Nocona,2.815,7289618,33.783555,-97.730171
Nocona Hills,5.205,13480057,33.848565,-97.63489
Nolanville,4.881,12640951,31.072538,-97.605133
Nome,1.165,3017051,30.032329,-94.420532
Noonday,2.087,5404593,32.242344,-95.395642
Nordheim,0.497,1288135,28.92379,-97.614077
Normandy,0.257,665549,28.90987,-100.598046
Normangee,1.116,2889176,31.030224,-96.115745
Normanna,1.344,3480583,28.527656,-97.78304
North Alamo,1.43,3704243,26.216075,-98.126597
North Cleveland,1.887,4888402,30.362475,-95.101051
North Escobares,0.722,1869904,26.432492,-98.971935
Northlake,19.672,50949522,33.073812,-97.256248
North Pearsall,1.425,3691365,28.921584,-99.094945
North Richland Hills,18.163,47041668,32.86058,-97.219146
North SanP edro,0.097,251046,27.802663,-97.682008
Novice,0.481,1246174,31.987204,-99.625293
Oak Grove,1.996,5168649,32.533153,-96.318552
Oakhurst,1.543,3995566,30.740032,-95.311449
Oak Island,1.201,3110264,29.662867,-94.688094
Oak Leaf,2.364,6123401,32.522496,-96.849294
Oak Point,5.855,15164853,33.17047,-96.987539
Oak Ridge,0.113,292694,33.648122,-97.038507
Oak Ridge,3.701,9586202,32.62596,-96.26844
Oak Ridge North,1.494,3870129,30.156927,-95.441591
Oak Trail Shores,2.538,6572633,32.489643,-97.833845
OakValley,1.935,5010693,32.029056,-96.517393
Oakwood,1.131,2928645,31.584788,-95.849878
O'Brien,0.504,1304634,33.380198,-99.843824
Odem,1.274,3299660,27.946241,-97.587518
Odessa,52.045,134794864,31.880461,-102.345314
O'Donnell,0.86,2227932,32.965202,-101.830842
Oglesby,0.511,1322995,31.418591,-97.511327
Oilton,1.416,3668329,27.469269,-98.967237
Oklaunion,0.448,1159660,34.129431,-99.144196
OldRiver-Winfree,1.566,4056296,29.874446,-94.826747
Olivarez,3.685,9544637,26.228547,-97.993087
OliviaLopezde Gutierrez,0.009,24200,26.327625,-98.716685
Olmito,0.64,1656739,26.027593,-97.540059
Olmitoand Olmito,0.028,72264,26.340011,-98.641971
Olmos Park,0.614,1590821,29.474853,-98.486598
Olney,2.023,5240462,33.364143,-98.758486
Olton,1.359,3519187,34.180199,-102.137039
Omaha,1.452,3761028,33.182746,-94.738515
Onalaska,5.437,14082957,30.823848,-95.110696
Opdyke West,0.225,581973,33.592705,-102.300622
Orange,21.332,55249279,30.123528,-93.754548
Orange Grove,1.082,2803062,27.956203,-97.938553
Orason,0.33,854785,26.074257,-97.445843
Orchard,0.402,1042113,29.602867,-95.968758
Ore,2.159,5593040,32.800891,-94.718731
Overton,6.7,17353158,32.275636,-94.97254
Ovilla,5.786,14986482,32.541288,-96.883467
Owl Ranch,0.742,1921806,27.892735,-98.093448
Oyster Creek,1.895,4906889,28.998077,-95.329258
Ozona,4.665,12082818,30.707399,-101.206059
Pablo Pena,0.016,40308,26.303675,-98.640505
Paducah,1.506,3900109,34.014005,-100.303693
Paige,2.152,5574823,30.212944,-97.125841
Paint Rock,1.644,4258528,31.510072,-99.925309
Paisano Park,0.088,227487,28.095075,-97.859207
Palacios,5.456,14131957,28.713129,-96.227888
Palestine,19.456,50392039,31.754512,-95.646953
Palisades village,0.561,1454268,35.058945,-101.800457
Palmer,3.083,7984525,32.425136,-96.667109
Palmer,1.124,2910014,26.066756,-97.635
Palmhurst,4.446,11515693,26.258263,-98.295317
Palm Valley,0.598,1547550,26.204445,-97.754319
Palmview,7.579,19629154,26.231926,-98.381638
Palmview South,0.844,2185424,26.20826,-98.377907
PaloB lanco,0.06,156033,26.38757,-98.902404
Paloma Creek,0.46,1190884,33.225336,-96.936997
Paloma Creek South,1.259,3259505,33.21002,-96.932686
Palo Pinto,0.853,2208323,32.773557,-98.302042
Pampa,9.02,23361938,35.547852,-100.965032
Panhandle,2.124,5500894,35.3463,-101.380508
Panorama Village,1.076,2786771,30.382644,-95.493369
Pantego,1.041,2696414,32.714884,-97.153882
Paradise,2.087,5405942,33.149771,-97.688614
Paris,35.19,91141991,33.668929,-95.546616
Parker,8.503,22022892,33.060839,-96.625192
Pasadena,43.69,113157218,29.654996,-95.151055
Pattison,3.529,9140193,29.818429,-95.976392
Patton Village,2.272,5884190,30.196363,-95.165059
Pawnee,5.248,13591713,28.648346,-98.008284
PayneS prings,2.116,5479686,32.280309,-96.07444
Pearland,48.734,126219522,29.555732,-95.323012
Pearsall,6.548,16959440,28.892921,-99.097169
Peaster,2.272,5884408,32.853289,-97.87215
Pecan Acres,18.875,48887203,32.967872,-97.479029
Pecan Gap,0.627,1624613,33.43896,-95.853057
Pecan Grove,8.29,21469713,29.623646,-95.731918
Pecan Hill,2.132,5520585,32.490731,-96.781319
Pecan Plantation,7.425,19229422,32.363659,-97.65369
Pelican Bay,0.67,1735148,32.92275,-97.518921
Pena,0.015,38726,26.415513,-98.969979
Pendleton,4.467,11569936,31.195576,-97.324234
Penelope,0.992,2570401,31.854533,-96.928185
Penitas,9.365,24255075,26.258315,-98.438645
Perezville,0.752,1948167,26.245593,-98.402395
Perrin,1.589,4114843,33.034582,-98.068784
Perryton,4.798,12425485,36.392868,-100.797656
Petersburg,0.809,2095255,33.871049,-101.597292
Petrolia,0.739,1914066,34.013096,-98.231798
Petronila,1.825,4725489,27.671229,-97.632246
Pettus,5.825,15086232,28.615594,-97.812093
Petty,0.576,1492407,33.605405,-95.803419
Pflugerville,25.983,67295783,30.447765,-97.602116
Pharr,24.17,62600967,26.163436,-98.19389
Pilot Point,7.887,20426891,33.398264,-96.955528
Pinebrook,2.747,7113586,30.312639,-95.876505
Pine Forest,2.816,7294028,30.175055,-94.035253
Pine Harbor,3.332,8629481,32.768344,-94.49982
Pinehurst,7.917,20505850,30.188607,-95.703538
Pinehurst,1.708,4423907,30.107448,-93.772253
PineIsland,9.344,24201134,30.053793,-96.028441
Pineland,2.046,5299770,31.247013,-93.973945
Pinewood Estates,13.189,34159736,30.170183,-94.318291
PineyPoint Village,2.124,5500893,29.756515,-95.51544
Pittsburg,3.601,9327602,32.999188,-94.96678
Placedo,0.559,1447584,28.691936,-96.825904
Plains,1.498,3880789,33.18833,-102.821478
Plainview,13.895,35987803,34.191119,-101.723501
Plano,71.7,185701954,33.050769,-96.747944
Plantersville,1.975,5116483,30.334288,-95.86414
Pleak village,1.825,4725945,29.474336,-95.802291
Pleasant Hill,2.648,6857745,31.002272,-94.792074
Pleasanton,8.98,23258770,28.964207,-98.49569
Pleasant Valley,2.607,6753389,33.937649,-98.598072
Plum,3.509,9089539,29.932334,-96.981229
Plum Grove,3.627,9394600,30.200807,-95.095582
Poetry,4.047,10482685,32.839373,-96.259511
Point,2.756,7138337,32.937099,-95.863365
Point Blank,2.023,5239251,30.748219,-95.213723
Point Comfort,1.315,3405610,28.668397,-96.556974
Point Venture village,0.856,2217279,30.384099,-97.998172
Ponder,3.371,8731983,33.171716,-97.296467
Port Aransas,8.969,23228911,27.820898,-97.089193
Port Arthur,75.551,195676630,29.900008,-93.89442
Porter Heights,3.227,8356844,30.148393,-95.323745
Port Isabel,6.787,17577404,26.063045,-97.24669
Portland,12.127,31408210,27.889048,-97.331598
Port Lavaca,10.151,26289763,28.617967,-96.628288
Port Mansfield,4.937,12787342,26.569407,-97.442394
Port Neches,8.594,22258931,29.960768,-93.96179
Port O'Connor,3.985,10322342,28.446024,-96.420127
Post,3.745,9698800,33.19091,-101.381519
Post Oak Bend,2.074,5371293,32.633112,-96.320311
Poteet,1.733,4487487,29.037277,-98.572758
Poth,3.166,8200497,29.072069,-98.080562
Potosi,18.346,47514933,32.335745,-99.684338
Pottsboro,3.155,8170986,33.77033,-96.671261
Powderly,7.279,18851438,33.809047,-95.499008
Powell,1.21,3134071,32.109941,-96.321975
Poynor,2.361,6114950,32.079342,-95.592372
Prado Verde,0.13,336455,31.889788,-106.613509
Praesel,5.211,13496170,30.631487,-97.028281
Prairie View,7.404,19177292,30.082855,-95.977134
Premont,1.694,4387796,27.358516,-98.12443
Presidio,2.575,6668208,29.560348,-104.365302
Preston,5.033,13035922,33.865502,-96.66354
Priddy,4.003,10368676,31.676042,-98.511368
Primera,2.777,7191219,26.223216,-97.751692
Princeton,14.118,36564678,33.184474,-96.509393
Proctor,0.405,1049841,31.986702,-98.430437
Progreso,2.995,7757511,26.09614,-97.956592
Progreso Lakes,2.097,5430796,26.068976,-97.960665
Prosper,25.2,65266582,33.241332,-96.812388
Providence Village,2.765,7160458,33.237843,-96.956797
PuebloEast,0.118,305818,27.674829,-99.189648
Pueblo Nuevo,0.582,1507040,27.493908,-99.309882
Putnam,1.013,2623289,32.37027,-99.195495
Pyote,1.274,3300437,31.538066,-103.122483
Quail,3.182,8241439,34.914419,-100.380913
Quail Creek,3.08,7976773,28.777322,-97.084815
Quanah,3.476,9003432,34.295366,-99.742889
Queen,3.543,9177241,33.150196,-94.15323
Quemado,0.114,295935,28.947141,-100.623748
Quesada,0.009,22431,26.281478,-98.581994
Quinlan,1.293,3348351,32.908974,-96.131296
Quintana,0.682,1767452,28.915077,-95.331991
Quitaque,0.723,1872755,34.36741,-101.055598
Quitman,1.928,4993473,32.794033,-95.44546
Radar Base,1.109,2871883,28.855679,-100.535528
Rafael Pena,0.005,13088,26.300945,-98.64087
Ralls,1.349,3494238,33.678774,-101.384591
Ramireno,1.458,3777100,27.012883,-99.377545
Ramirez-Perez,0.032,84069,26.316531,-98.69334
Ramos,0.031,79239,26.427996,-99.026981
Ranchette Estates,0.601,1556301,26.484404,-97.822033
Ranchitosdel Norte,0.408,1055834,26.400351,-98.871492
Ranchitos East,0.061,157176,27.490676,-99.366743
Ranchitos Las Lomas,3.637,9418526,27.634602,-99.236455
Rancho Alegre,1.278,3309209,27.739292,-98.102681
Rancho Banquete,2.864,7418539,27.809394,-97.845486
Rancho Chico,0.51,1320499,28.024185,-97.49662
Ranchos Penitas West,2.069,5358662,27.67447,-99.603519
Rancho Viejo,2.053,5317573,26.035785,-97.555374
Rancho Viejo,0.037,94951,26.414259,-98.915884
Randolph AFB,4.119,10668243,29.530328,-98.278946
Ranger,6.998,18124828,32.469491,-98.67574
Rangerville village,3.478,9007367,26.107445,-97.736637
Rankin,1.055,2733499,31.22536,-101.939438
Ransom Canyon,0.789,2044431,33.530315,-101.685343
Ratamosa,2.038,5279432,26.199333,-97.844568
Ravenna,1.204,3117342,33.670474,-96.240886
Raymondville,4.115,10656613,26.475708,-97.777744
Realitos,0.266,687745,27.445416,-98.530156
Redfield,1.576,4083013,31.679084,-94.662936
Redford,7.429,19241459,29.433685,-104.177574
Redland,4.123,10677959,31.405937,-94.716076
RedLick,1.817,4705361,33.485081,-94.161474
RedOak,16.236,42051403,32.509552,-96.78398
RedRock,4.516,11695975,29.959938,-97.442794
Redwater,1.99,5154852,33.358343,-94.256165
Redwood,6.439,16677472,29.809821,-97.909304
Refugio,1.573,4074540,28.307445,-97.274981
Regino Ramirez,0.023,58301,26.487986,-98.933774
Reid HopeKing,0.288,745685,25.921294,-97.414761
Reklaw,2.942,7620745,31.86659,-94.981549
Relampago,1.54,3988998,26.085087,-97.905864
Rendon,24.6,63714286,32.579673,-97.236515
Reno,4.103,10625923,33.666585,-95.479809
Reno,13.191,34165258,32.948835,-97.565987
Retreat,4.985,12912009,32.048448,-96.476909
Rhome,4.592,11894051,33.078895,-97.493199
Ricardo,4.464,11560468,27.418555,-97.847648
Rice,2.671,6917705,32.23926,-96.49738
Rice Tracts,1.871,4846766,26.05689,-97.627859
Richards,1.818,4708117,30.534429,-95.849764
Richardson,28.562,73975569,32.972291,-96.708069
Richland,2.413,6250452,31.924784,-96.423607
Richland Hills,3.135,8119928,32.810238,-97.226516
Richland Springs,1.004,2600536,31.271513,-98.948647
Richmond,4.305,11149107,29.581161,-95.760484
Richwood,4.467,11568635,29.063871,-95.402229
Riesel,4.164,10784631,31.473861,-96.945142
Ringgold,1.517,3930100,33.814333,-97.942446
RioBravo,0.65,1682663,27.364717,-99.484526
Rio Grande,11.351,29398745,26.380999,-98.821478
Rio Hondo,1.689,4373784,26.234627,-97.581466
RioVista,1.101,2852253,32.234545,-97.374835
Rising Star,1.727,4473229,32.097634,-98.96652
Rivereno,0.01,25978,26.305232,-98.639753
River Oaks,2.029,5254782,32.776597,-97.398396
Riverside,2.014,5216991,30.848298,-95.398863
Riviera,3.688,9551831,27.299534,-97.79809
Road Runner,0.597,1546234,33.484322,-97.084783
Roanoke,6.888,17839156,33.014743,-97.229034
Roaring Springs,1.062,2749964,33.899183,-100.856142
RobertLee,1.139,2950536,31.895705,-100.485006
Robinson,30.629,79329667,31.451487,-97.122876
Robs,12.986,33634849,27.793971,-97.669163
Roby,0.719,1862749,32.745995,-100.379367
Rochelle,1.606,4159385,31.223079,-99.2066
Rochester,0.342,884779,33.314205,-99.856503
Rockdale,4.285,11099147,30.655731,-97.008515
RockIsland,5.016,12992392,29.513809,-96.567123
Rockport,16.545,42852045,28.047649,-97.049971
Rocksprings,1.215,3147586,30.017078,-100.213296
Rockwall,29.587,76629269,32.918056,-96.43805
Rockwell Place,2.329,6031557,35.037498,-101.906362
Rocky Mound,0.406,1050938,33.0212,-95.017496
Rogers,1.032,2671888,30.929208,-97.229744
Rollingwood,0.698,1807663,30.273594,-97.786824
Roma,5.861,15180287,26.414741,-99.003922
Roman Forest,2.184,5656482,30.181973,-95.152343
Ropesville,0.363,939426,33.413336,-102.155104
Rosanky,20.414,52872657,29.953256,-97.311922
Roscoe,3.223,8348189,32.441934,-100.532231
Rosebud,0.804,2082158,31.075651,-96.974462
Rose,1.516,3927390,30.10648,-94.050213
Rose Hill Acres,0.388,1004161,30.191719,-94.192118
Rosenberg,37.637,97478113,29.549987,-95.821381
Rosharon,3.21,8314522,29.349974,-95.453054
Rosita,7.857,20348903,28.62554,-100.427849
Ross,1.54,3988891,31.727563,-97.112885
Rosser village,1.912,4951154,32.458337,-96.451867
Rotan,2.023,5238466,32.854047,-100.465519
Round Mountain,2.304,5966226,30.394346,-98.361174
Round Rock,38.138,98777159,30.526146,-97.663532
Round Top,0.954,2470985,30.06397,-96.695882
Rowena,0.806,2087312,31.644231,-100.04811
Rowlett,20.748,53736191,32.915926,-96.548587
Roxton,0.863,2235351,33.545577,-95.724885
Royse,20.181,52267986,32.975927,-96.314662
Rule,0.697,1804447,33.181941,-99.893272
Runaway Bay,2.518,6522817,33.175379,-97.874794
Runge,1.176,3046488,28.886277,-97.713067
Rusk,7.232,18731234,31.797759,-95.148758
Sabinal,1.187,3075552,29.321325,-99.469535
Sachse,9.733,25209112,32.969015,-96.579523
Sadler,1.057,2737862,33.680058,-96.846896
Saginaw,7.652,19817513,32.865564,-97.365207
St.Hedwig,29.632,76745601,29.420216,-98.206971
St.Jo,1.076,2787419,33.695023,-97.523071
St.Paul,1.434,3714784,33.047486,-96.553391
St.Paul,3.32,8598065,28.090962,-97.563184
Salado village,3.101,8032697,30.948383,-97.528337
Salidadel Sol Estates,2.352,6090617,26.325684,-98.446923
Salineño,0.068,176157,26.517553,-99.112058
Salineño North,0.196,508034,26.527223,-99.094956
Sammy Martinez,0.313,810017,26.432851,-98.751298
Sam norwood,1.635,4234173,35.050114,-100.281401
Sam Rayburn,8.371,21679795,31.077263,-94.025528
San Angelo,60.061,155558202,31.441078,-100.450499
San Antonio,498.949,1292272943,29.462809,-98.524635
San Augustine,4.717,12217474,31.529899,-94.110894
San Benito,15.803,40929564,26.129398,-97.64405
San Carlos,1.808,4683099,26.295668,-98.063057
San CarlosI,0.133,344100,27.490005,-99.372929
San CarlosII,0.071,183700,27.489596,-99.368589
Sanctuary,0.857,2218458,32.913158,-97.58767
Sanderson,4.192,10856320,30.150794,-102.407916
Sandia,0.966,2501901,28.02124,-97.867639
SanDiego,1.901,4923549,27.760891,-98.238906
Sandoval,0.043,111443,26.418189,-99.07943
Sand Springs,2.569,6654110,32.280355,-101.347191
Sandy Hollow-Escondidas,7.861,20360846,27.928241,-97.801525
Sandy Oaks,2.385,6177384,29.181719,-98.409159
Sandy Point,1.739,4503585,29.401256,-95.481732
San Elizario,6.9,17870991,31.578436,-106.262019
San Felipe,8.36,21652885,29.794557,-96.105867
San Fernando,0.024,62748,26.403309,-98.835072
Sanford,0.134,346091,35.702624,-101.531771
Sanger,11.759,30456220,33.382098,-97.165412
SanIsidro,3.103,8036917,26.713619,-98.447902
SanJuan,12.115,31378137,26.189414,-98.151817
SanJuan,0.037,96513,26.414966,-98.943691
San Leanna village,0.444,1150675,30.143995,-97.819368
San Leon,4.752,12307402,29.491071,-94.941374
San Marcos,39.929,103415597,29.87361,-97.936725
San Patricio,3.848,9965503,27.984348,-97.770176
San Pedro,1.214,3144524,25.981339,-97.588211
San Perlita,0.519,1345393,26.500994,-97.639648
San Saba,2.709,7017150,31.197446,-98.71937
Sansom Park,1.24,3210391,32.802738,-97.402064
Santa Anna,1.994,5164626,31.736914,-99.325425
Santa Anna,0.702,1817619,26.669238,-98.557884
Santa Clara,2.284,5915656,29.593067,-98.160635
Santa Cruz,0.028,71430,26.353689,-98.767615
Santa Fe,16.985,43990502,29.387565,-95.101543
Santa Maria,0.284,736386,26.076963,-97.847445
Santa Monica,0.993,2571411,26.369439,-97.588931
Santa Rita Ranch,3.954,10240857,30.663645,-97.830571
Santa Rosa,0.772,1998970,26.256054,-97.825255
Santa Rosa,0.077,198603,26.348732,-98.769912
Santel,0.028,73701,26.37556,-98.883283
Santo,1.204,3118381,32.605585,-98.213845
San Ygnacio,1.522,3942841,27.053177,-99.423748
Sargent,7.45,19295694,28.797537,-95.641786
Sarita,1.142,2957115,27.22292,-97.795591
Savannah,0.97,2512462,33.225738,-96.908125
Savoy,0.796,2061501,33.59984,-96.366028
Scenic Oaks,7.89,20435225,29.703932,-98.667686
Schertz,33.132,85812007,29.563327,-98.250866
Schulenburg,2.614,6769782,29.682,-96.907489
Scissors,1.595,4130099,26.133336,-98.047487
Scotland,7.893,20442820,33.647344,-98.468847
Scottsville,1.317,3411313,32.540425,-94.239333
Scurry,1.999,5176535,32.512771,-96.38427
Seabrook,4.906,12706010,29.594706,-94.991496
Seadrift,1.28,3314890,28.413239,-96.716722
Seagoville,18.812,48724124,32.653383,-96.545058
Seagraves,1.453,3763351,32.94197,-102.565716
Sealy,11.722,30359727,29.764102,-96.162165
Sebastian,1.667,4318454,26.345238,-97.796296
Seco Mines,0.568,1469916,28.7505,-100.50153
Seguin,40.026,103666129,29.590227,-97.968607
Seis Lagos,0.76,1969543,33.071461,-96.566791
Selma,5.009,12974187,29.586474,-98.315286
Seminole,4.156,10765168,32.722204,-102.649814
Serenada,2.154,5579490,30.712703,-97.693144
Seth Ward,2.255,5839168,34.216295,-101.694515
Seven Oaks,1.399,3622788,30.851846,-94.857877
Seven Points,2.751,7125801,32.338659,-96.23442
Seymour,2.923,7571593,33.595233,-99.258469
Shadybrook,7.716,19985203,32.116898,-95.427672
Shady Hollow,2.166,5608762,30.164532,-97.863083
Shady Shores,3.239,8389700,33.162126,-97.034991
Shallowater,1.621,4199458,33.690077,-101.989265
Shamrock,2.047,5300471,35.215401,-100.246085
Shavano Park,3.29,8522024,29.584448,-98.556179
Sheffield,0.885,2292967,30.685889,-101.822416
Shelbyville,0.673,1741912,31.759331,-94.077172
Sheldon,2.485,6434837,29.859771,-95.133161
Shenandoah,1.954,5060272,30.184029,-95.455686
Shepherd,6.096,15788028,30.486166,-95.011345
Sheridan,5.347,13848490,29.51133,-96.672979
Sherman,46.446,120294339,33.628596,-96.626722
Sherwood Shores,2.848,7377548,33.847679,-96.814857
Shiner,2.468,6393094,29.433658,-97.173611
Shiro,2.539,6575786,30.604043,-95.887636
Shoreacres,0.906,2346076,29.62099,-95.018987
Sienna,12.582,32587774,29.485448,-95.506332
Sierra Blanca,4.782,12385489,31.183426,-105.33954
Siesta Acres,0.409,1058184,28.756331,-100.491752
Siesta Shores,0.734,1900490,26.850259,-99.255808
Silsbee,7.683,19899323,30.345491,-94.176787
Silverton,1.005,2603015,34.471372,-101.304049
Simonton,2.35,6087206,29.676603,-95.973393
Sinton,5.113,13243570,28.037188,-97.501457
Skelly,0.531,1374839,35.571018,-101.173044
Skidmore,10.548,27318934,28.268362,-97.685296
Slaton,5.4,13985039,33.445473,-101.650918
Smiley,0.521,1349620,29.271292,-97.637551
Smithville,4.136,10713410,30.00883,-97.151865
Smyer,0.797,2063632,33.587382,-102.163501
Snook,1.891,4898891,30.491026,-96.472468
Snyder,8.935,23141744,32.713561,-100.911902
Socorro,22.045,57096165,31.638491,-106.25744
Solis,1.629,4217807,26.176972,-97.840357
Somerset,1.998,5173711,29.228612,-98.65685
Somerville,2.876,7450085,30.345438,-96.530948
Sonora,2.226,5765740,30.570654,-100.641768
Sonterra,2.366,6126935,30.807382,-97.59681
Sour Lake,2.302,5962136,30.137746,-94.404277
South Alamo,2.037,5276109,26.151755,-98.107851
South Fork Estates,3.347,8667491,27.269656,-98.723951
South Frydek,1.772,4590059,29.735151,-96.076937
South Houston,3.046,7889775,29.661024,-95.228361
Southlake,21.836,56553692,32.954493,-97.148867
SouthLa Paloma,1.109,2872376,27.898769,-97.967753
Southmayd,2.819,7301868,33.623061,-96.708206
South Mountain,1.613,4178651,31.439827,-97.679265
South Padre Island,2.689,6963813,26.120465,-97.170703
South Point,1.406,3642092,25.869977,-97.381196
Southside Place,0.249,645526,29.708686,-95.435483
South Toledo Bend,3.247,8408715,31.16351,-93.601865
Southwest Sandhill,7.364,19072666,31.556871,-102.906566
Spade,1.872,4848455,33.926032,-102.154242
Sparks,1.4,3626249,31.672706,-106.239816
Spearman,2.104,5449892,36.198182,-101.194343
Splendora,3.04,7874627,30.228386,-95.162354
Spofford,0.24,622248,29.173124,-100.411255
Spring,22.49,58249357,30.062169,-95.383966
Spring Branch,2.047,5300619,29.876313,-98.408543
Spring Gardens,1.002,2594541,27.761529,-97.741873
Springlake,1.028,2662606,34.231621,-102.305734
Spring,3.036,7863608,32.9693,-97.680424
Spring Valley Village,1.215,3147973,29.789761,-95.504026
Spur,1.603,4150709,33.476582,-100.850215
Stafford,7.011,18159620,29.62572,-95.56574
Stagecoach,1.152,2983948,30.141762,-95.700123
Stamford,5.961,15438443,33.046193,-99.597021
Stanton,1.989,5152149,32.131695,-101.792457
Staples,1.496,3875828,29.762335,-97.824538
Star Harbor,0.467,1209849,32.192142,-96.055069
Steiner Ranch,6.638,17192587,30.365377,-97.895911
Stephenville,11.965,30989295,32.214544,-98.219885
Sterling,0.979,2536401,31.839175,-100.985878
Stinnett,1.984,5138721,35.823092,-101.44362
Stockdale,1.688,4370661,29.235974,-97.963888
Stockton Bend,0.566,1464981,32.479189,-97.7627
Stonewall,15.032,38933799,30.253584,-98.660907
Stowell,10.049,26027651,29.77996,-94.368614
Stratford,2.308,5976465,36.337568,-102.07603
Strawn,0.779,2016399,32.550793,-98.498077
Streetman,1.403,3633578,31.881835,-96.33257
Study Butte,4.759,12326289,29.335553,-103.542609
Sudan,1.023,2648760,34.066414,-102.524194
Sugar Land,40.468,104811334,29.592764,-95.633801
Sullivan,3.589,9296677,26.275217,-98.564441
Sulphur Springs,20.54,53198259,33.143108,-95.614702
Summerfield,0.154,399686,34.739899,-102.509167
Sundown,1.52,3937074,33.457545,-102.490809
Sunnyvale,16.534,42821753,32.799752,-96.55855
Sunray,1.708,4422870,36.018383,-101.824511
Sunrise Beach Village,1.688,4372297,30.586012,-98.418768
Sunrise Shores,0.359,930619,32.179227,-95.507512
Sunset,4.939,12791287,33.446847,-97.767269
Sunset,0.033,86476,26.424603,-99.06212
Sunset Acres,0.017,43829,27.794165,-99.456603
Sunset Valley,1.396,3614943,30.225834,-97.815758
SunValley,0.161,416483,33.670565,-95.428715
Surfside Beach,1.589,4115178,28.953071,-95.283757
Sweeny,1.988,5149191,29.046373,-95.698548
Sweetwater,11.066,28659964,32.469389,-100.408651
Sylvester,0.884,2289176,32.72288,-100.249929
Taft,1.669,4322910,27.980032,-97.392828
Taft Southwest,0.517,1339802,27.971231,-97.405446
Tahoka,2.381,6166567,33.163777,-101.795081
Talco,0.766,1982697,33.362882,-95.102269
Talty,3.39,8781042,32.694439,-96.400763
Tanquecitos South Acres,0.477,1234306,27.489792,-99.379691
Tanquecitos South Acres II,0.069,178429,27.486961,-99.388178
Tatum,3.782,9796044,32.315881,-94.518878
Taylor,22.639,58635405,30.57203,-97.43038
Taylor Lake Village,1.121,2904512,29.574804,-95.05526
Taylor Landing,1.132,2932494,29.866412,-94.129171
Teague,5.051,13080748,31.629487,-96.280818
Tehuacana,1.579,4088893,31.743177,-96.540199
Temple,73.041,189175611,31.104936,-97.388512
Tenaha,3.744,9697244,31.943709,-94.245706
Terlingua,11.019,28538816,29.287134,-103.58341
Terrell,33.201,85991100,32.725827,-96.298003
TerrellHills,1.612,4175286,29.477084,-98.447196
Texarkana,31.991,82855275,33.449204,-94.085008
Texas,66.265,171624800,29.433717,-94.892695
Texhoma,1.898,4915249,36.493701,-101.793765
Texline,1.016,2631620,36.376494,-103.018876
TheColony,14.006,36274442,33.089598,-96.903368
The Hillsv illage,1.072,2777538,30.34648,-97.986446
The Homesteads,3.82,9893878,32.475488,-97.166245
The Woodlands,43.275,112080694,30.172562,-95.509813
Thompsons,4.933,12776335,29.481768,-95.636851
Thompsonville,3.888,10068708,27.260012,-98.784671
Thorndale,0.962,2492592,30.614023,-97.206487
Thornton,0.983,2545725,31.409957,-96.573614
Thorntonville,0.801,2074114,31.578927,-102.922073
Thrall,0.465,1205507,30.588154,-97.297728
Three Rivers,1.463,3789848,28.466853,-98.177947
Throckmorton,1.663,4307759,33.182071,-99.179771
Thunderbird Bay,2.542,6584665,31.909633,-99.020798
Tierra Bonita,0.907,2348448,26.272699,-97.827639
Tierra Dorada,0.018,47268,26.400653,-98.921262
Tierra Grande,4.707,12191199,27.703686,-97.571819
Tierra Verde,2,5180237,27.761571,-97.717384
Tiki Island village,0.476,1233777,29.297265,-94.914945
Tilden,0.348,900945,28.459855,-98.548677
Timbercreek Canyon village,1.907,4939040,35.05345,-101.818418
Timberwood Park,20.376,52774586,29.700723,-98.483181
Timpson,2.512,6505171,31.906912,-94.397056
Tioga,1.97,5102956,33.472108,-96.915704
Tira,1.418,3672446,33.329101,-95.536066
Tivoli,1.117,2894055,28.460839,-96.89147
Toco,0.17,439367,33.653889,-95.649495
Todd Mission,1.984,5139797,30.260944,-95.829997
Tolar,1.105,2863069,32.390005,-97.920098
Tomball,13.048,33794141,30.095078,-95.619678
Tom Bean,1.448,3749624,33.520296,-96.484218
Tool,3.59,9298189,32.280535,-96.172711
Tornillo,3.465,8974900,31.436704,-106.103225
Tow,1.82,4713928,30.887703,-98.46414
of Pecos,30.251,78349427,31.391676,-103.527166
Toyah,1.623,4202607,31.312498,-103.794612
Tradewinds,1.083,2805147,27.994992,-97.260176
Travis Ranch,1.204,3118951,32.800955,-96.478156
Trent,0.404,1045599,32.48841,-100.123336
Trenton,1.873,4849926,33.426257,-96.344594
Trinidad,14.903,38597896,32.160015,-96.109524
Trinity,3.791,9819129,30.944452,-95.373563
Trophy Club,3.983,10315861,32.992522,-97.172964
Troup,2.458,6365650,32.145812,-95.12256
Troy,4.654,12053368,31.193982,-97.300358
Tuleta,4.474,11588161,28.576701,-97.798026
Tulia,3.557,9213577,34.537864,-101.774434
Tulsita,0.291,754403,28.642329,-97.818052
Tunis,0.263,680133,30.542276,-96.527258
Turkey,0.818,2118793,34.393922,-100.895302
Tuscola,0.854,2213014,32.21156,-99.798256
Tye,4.801,12434978,32.452218,-99.866537
Tyler,57.79,149675880,32.317258,-95.305886
Tynan,3.459,8957667,28.170753,-97.749176
Uhland,3.817,9885385,29.966577,-97.788116
Umbarger,1.029,2664079,34.956389,-102.109392
Uncertain,0.537,1390272,32.70064,-94.133261
Union Grove,0.935,2420775,32.574983,-94.915088
Union Valley,2.652,6868402,32.946925,-96.240293
Universal,5.641,14609961,29.552,-98.307577
University Park,3.689,9554778,32.848624,-96.79525
Utopia,2.952,7646606,29.624088,-99.512655
Uvalde,7.686,19907443,29.215184,-99.777215
Uvalde Estates,5.917,15325497,29.168689,-99.836142
Valentine,0.486,1258249,30.588611,-104.495314
Valera,0.218,564504,31.753618,-99.54927
Valle Hermoso,0.545,1411957,26.382268,-98.787117
Valle Verde,0.198,513999,27.679691,-99.200997
Valle Vista,0.08,207406,26.316046,-98.654655
Valley Mills,1.216,3150542,31.656797,-97.472648
Valley View,2.393,6197498,33.477348,-97.15692
Val Verde Park,0.818,2118375,29.374553,-100.830616
Van,2.991,7745972,32.523868,-95.63758
Van Alstyne,5.553,14381998,33.421688,-96.583202
Vanderbilt,1.906,4935642,28.820811,-96.60964
Van Horn,2.838,7349737,31.040672,-104.834154
Van Vleck,7.287,18872762,29.028133,-95.884566
Vega,1.338,3466375,35.245302,-102.429247
Venus,4.868,12606881,32.426217,-97.102177
Vernon,7.89,20435084,34.147664,-99.300427
Victoria,37.179,96294375,28.828528,-96.986015
VictoriaV era,0.009,24445,26.318088,-98.69296
Vidor,12.015,31119446,30.128139,-93.991733
Villadel Sol,0.189,488772,26.191904,-97.581886
Villa Pancho,0.279,721734,25.884254,-97.415777
Villarreal,0.068,175648,26.307121,-98.644285
Villa Verde,0.263,682432,26.130081,-97.995974
Vinton village,2.741,7099955,31.959455,-106.593517
Volente village,2.116,5479476,30.445325,-97.907911
Von Ormy,1.891,4896377,29.277391,-98.657373
Waco,91.005,235702396,31.557994,-97.18975
Wadsworth,7.468,19341848,28.829941,-95.914531
Waelder,1.279,3312487,29.694496,-97.297848
Waka,0.132,343010,36.281583,-101.044133
Wake Village,2.985,7731618,33.423839,-94.126966
Waller,6.12,15851320,30.072394,-95.931551
Wallis,1.495,3873182,29.632021,-96.063517
Walnut Springs,1.331,3447096,32.056979,-97.750568
Warren,4.217,10921613,30.612591,-94.42286
Warren,1.748,4527195,32.551254,-94.904911
Washburn,0.963,2492899,35.169163,-101.569995
Waskom,2.68,6942298,32.47663,-94.064559
Watauga,4.159,10772051,32.871799,-97.251488
Waxahachie,49.757,128869148,32.40248,-96.844493
Weatherford,27.793,71984347,32.75319,-97.771944
Webberville village,2.092,5419529,30.226071,-97.499593
Webster,6.348,16441913,29.532072,-95.116478
Weimar,2.312,5987652,29.70005,-96.777251
Weinert,0.483,1251893,33.3234,-99.673674
Weir,1.821,4716800,30.676717,-97.59107
Welch,1.46,3781521,32.933613,-102.123194
Wellington,1.379,3572564,34.853813,-100.213982
Wellman,0.34,880019,33.046979,-102.427437
Wells,1.915,4960203,31.491559,-94.947319
Wells Branch,2.43,6294352,30.443458,-97.679955
Weslaco,16.917,43813815,26.160549,-97.987654
West,1.707,4420409,31.80311,-97.094614
West Alto Bonito,0.115,297014,26.314312,-98.663153
Westbrook,0.422,1092122,32.357073,-101.013259
West Columbia,2.608,6754376,29.141926,-95.649452
Westdale,4.027,10429953,27.965726,-97.993728
Western Lake,3.465,8974247,32.62116,-97.816656
Westlake,6.882,17823256,32.985461,-97.203788
West Lake Hills,3.593,9306904,30.291636,-97.814164
West Livingston,23.766,61552863,30.701393,-95.020274
Westminster,3.984,10317797,33.364849,-96.459348
West Odessa,62.14,160940934,31.838248,-102.500139
Weston,4.488,11624595,33.330038,-96.665863
Weston Lakes,2.651,6866563,29.657316,-95.931016
West Orange,3.401,8808184,30.079101,-93.759774
Westover Hills,0.709,1835762,32.74366,-97.412266
West Sharyland,1.162,3008556,26.271774,-98.340432
West Tawakoni,2.823,7311913,32.899625,-96.035919
West University Place,2.004,5190531,29.715442,-95.431628
Westway,1.149,2975876,31.96007,-106.575981
Westwood Shores,3.222,8344101,30.936571,-95.327405
Westworth Village,2.073,5369789,32.761945,-97.423257
Wharton,8.309,21518930,29.317601,-96.102279
Wheeler,1.53,3963876,35.441115,-100.275228
White Deer,1.74,4505925,35.433397,-101.175846
Whiteface,0.588,1524111,33.599563,-102.61337
Whitehouse,5.496,14234757,32.221677,-95.220676
White Oak,9.09,23541831,32.530045,-94.853928
Whitesboro,3.341,8653741,33.65958,-96.903694
White Settlement,5.037,13045587,32.755053,-97.460687
Whitewright,1.832,4745448,33.511159,-96.394906
Whitharral,1.111,2876645,33.739154,-102.327823
Whitney,1.86,4818194,31.952447,-97.31977
Wichita Falls,72.198,186992099,33.906654,-98.525848
Wickett,0.705,1824762,31.567325,-103.005948
Wildorado,2.351,6090285,35.209206,-102.209515
Wild Peach Village,10.008,25919865,29.081044,-95.637257
Wildwood,4.368,11314114,30.525295,-94.448708
Willis,4.733,12257212,30.434166,-95.484207
Willow Grove,5.164,13374422,31.559134,-97.296059
Willow Park,6.433,16661066,32.753942,-97.650172
Wills Point,3.665,9493289,32.709454,-96.004991
Wilmer,12.144,31453218,32.599015,-96.681585
Wilson,0.646,1672964,33.31934,-101.727499
Wimberley,8.955,23194065,29.984804,-98.090553
Windcrest,2.15,5567703,29.514831,-98.381341
Windom,0.55,1425680,33.564799,-95.998519
Windthorst,2.504,6484806,33.576966,-98.434932
Winfield,0.777,2013321,33.165434,-95.111225
Wingate,2.182,5651456,32.045513,-100.104039
Wink,1.167,3021314,31.754497,-103.154117
Winnie,3.955,10243878,29.816716,-94.380673
Winnsboro,3.742,9690732,32.955903,-95.290319
Winona,1.54,3989181,32.49261,-95.177413
Winters,2.357,6105683,31.949127,-99.959308
Wixon Valley,1.794,4645412,30.764482,-96.318645
Wolfe,1.123,2909110,33.368528,-96.071986
Wolfforth,4.862,12592509,33.509016,-102.005082
Woodbranch,2.008,5201879,30.181335,-95.183615
Woodcreek,1.086,2813237,30.026646,-98.111526
Woodloch,0.084,218557,30.217204,-95.413029
Woodsboro,0.757,1960058,28.237807,-97.32538
Woodson,0.649,1681401,33.014931,-99.053429
Woodville,3.145,8145903,30.774433,-94.422454
Woodway,6.586,17056968,31.498334,-97.230789
Wortham,1.987,5147099,31.790154,-96.461613
Wyldwood,11.329,29341168,30.128651,-97.477416
Wylie,21.164,54814709,33.029144,-96.527041
Yancey,5.009,12974508,29.147071,-99.142642
Yantis,1.842,4770075,32.92853,-95.577357
Yoakum,4.58,11862356,29.293204,-97.14701
York,1.728,4474907,28.982808,-97.505032
Yznaga,5.451,14118737,26.328525,-97.815009
Zapata,7.642,19793716,26.902166,-99.261428
Zapata Ranch,1.407,3643650,26.358827,-97.823005
Zarate,0.019,48715,26.319936,-98.636931
Zavalla,2.088,5406953,31.158466,-94.418918
Zephyr,1.515,3923027,31.679217,-98.791235
Zuehl,5.292,13705722,29.505103,-98.152168
